NO,NIM,IPK-1,SKS-1,IPK-2,SKS-2,IPK-3,SKS-3,IPK-4,SKS-4,IPK-5,SKS-5,IPK-6,SKS-6,IPK-7,SKS-7,IPK-8,SKS-8,STATUS KELULUSAN,Unnamed: 19,Unnamed: 20,Unnamed: 21,Unnamed: 22,Unnamed: 23,Unnamed: 24,Unnamed: 25,Unnamed: 26,Unnamed: 27,Unnamed: 28,Unnamed: 29,Unnamed: 30,Unnamed: 31,Unnamed: 32,Unnamed: 33,Unnamed: 34,Unnamed: 35,Unnamed: 36,Unnamed: 37,Unnamed: 38,Unnamed: 39,Unnamed: 40
1,150411100001,3.76,21,3.73,24,3.58,23,3.6,24,3.52,23,3.65,22,3.51,14,3.67,0,Tepat,,,,,,,,,,,,,,,,,,,,,,
2,150411100002,3.5,21,3.64,24,3.56,20,3.4,24,3.35,21,3.39,22,3.28,13,3.22,9,Tidak Tepat,,,,,,,,,,,,,,,,,,,,,,
3,150411100003,3.48,21,3.39,24,3.41,20,3.25,24,3.14,21,3.17,19,3.24,13,3.15,9,Tidak Tepat,,,,,,,,,,,,,,,,,,,,,,
4,150411100004,3.57,21,3.67,24,3.58,20,3.51,24,3.41,23,3.43,22,3.5,11,3.36,6,Tidak Tepat,,,,,,,,,,,,,,,,,,,,,,
5,150411100005,3.69,21,3.69,24,3.66,20,3.44,24,3.35,21,3.31,19,3.23,16,3.13,12,Tidak Tepat,,,,,,,,,,,,,,,,,,,,,,
6,150411100006,3.83,21,3.69,22,3.74,20,3.73,24,3.75,21,3.78,24,3.71,13,3.56,6,Tidak Tepat,,,,,,,,,,,,,,,,,,,,,,
7,150411100007,3.62,21,3.66,24,3.58,20,3.38,24,3.3,21,3.32,19,3.34,13,3.2,9,Tidak Tepat,,,,,,,,,,,,,,,,,,,,,,
8,150411100008,3.43,21,3.46,24,3.45,20,3.3,24,3.21,21,3.25,19,3.24,13,3.11,9,Tidak Tepat,,,,,,,,,,,,,,,,,,,,,,
9,150411100009,3.6,21,3.64,24,3.55,20,3.51,24,3.46,23,3.54,22,3.42,17,3.42,0,Tidak Tepat,,,,,,,,,,,,,,,,,,,,,,
10,150411100010,3.64,21,3.6,24,3.54,20,3.44,24,3.24,23,3.27,16,3.28,11,3.17,12,Tidak Tepat,,,,,,,,,,,,,,,,,,,,,,
11,150411100011,0.57,21,0.57,0,0.57,0,0.57,0,0.57,0,0.57,0,0.57,0,0.57,0,Tidak Tepat,,,,,,,,,,,,,,,,,,,,,,
12,150411100012,3.64,21,3.5,24,3.48,20,3.4,24,3.3,23,3.33,19,3.39,14,3.25,6,Tidak Tepat,,,,,,,,,,,,,,,,,,,, , , 
13,150411100013,3.74,21,3.76,24,3.64,20,3.52,24,3.39,23,3.45,19,3.44,14,3.32,9,Tidak Tepat,,,,,,,,,,,,,,,,,,,,,,
14,150411100014,3.48,21,3.24,22,3.23,20,3.14,24,3.2,21,3.23,21,3.23,13,3.1,9,Tidak Tepat,,,,,,,,,,,,,,,,,,,,,,
15,150411100015,3.76,21,3.69,24,3.65,20,3.57,24,3.44,23,3.45,19,3.53,14,3.39,6,Tidak Tepat,,,,,,,,,,,,,,,,,,,,,,
16,150411100016,3.67,21,3.71,24,3.75,20,3.77,24,3.72,23,3.76,22,3.83,8,3.83,9,Tepat,,,,,,,,,,,,,,,,,,,,,,
17,150411100017,3.62,21,3.56,24,3.54,23,3.5,24,3.46,24,3.46,22,3.49,9,3.51,6,Tepat,,,,,,,,,,,,,,,,,,,,,,
18,150411100018,3.55,21,3.52,24,3.4,22,3.28,24,3.27,19,3.25,22,3.23,15,3.13,12,Tidak Tepat,,,,,,,,,,,,,,,,,,,,,,
19,150411100019,3.48,21,3.63,24,3.57,20,3.51,24,3.38,23,3.42,19,3.48,11,3.35,9,Tidak Tepat,,,,,,,,,,,,,,,,,,,,,,
20,150411100020,0.57,21,0.57,0,0.57,0,0.57,0,0.57,0,0.57,0,0.57,0,0.57,0,Tidak Tepat,,,,,,,,,,,,,,,,,,,,,,
21,150411100021,3.86,21,3.77,24,3.77,20,3.76,24,3.67,23,3.73,22,3.58,17,3.74,0,Tepat,,,,,,,,,,,,,,,,,,,,,,
22,150411100022,3.71,21,3.67,24,3.64,20,3.56,24,3.43,23,3.53,19,3.4,20,3.4,0,Tidak Tepat,,,,,,,,,,,,,,,,,,,,,,
23,150411100023,1.07,21,1.07,0,1.07,0,1.07,0,1.07,0,1.07,0,1.07,0,1.07,0,Tidak Tepat,,,,,,,,,,,,,,,,,,,,,,
24,150411100024,3.76,21,3.66,24,3.68,20,3.64,24,3.55,23,3.54,22,3.62,11,3.48,6,Tidak Tepat,,,,,,,,,,,,,,,,,,,,,,
25,150411100025,3.64,21,3.63,24,3.56,23,3.52,24,3.46,23,3.48,22,3.32,14,3.32,0,Tidak Tepat,,,,,,,,,,,,,,,,,,,,,,
26,150411100026,3.55,21,3.66,24,3.62,22,3.54,24,3.26,23,3.26,0,3.26,0,3.26,0,Tidak Tepat,,,,,,,,,,,,,,,,,,,,,,
27,150411100027,3.57,21,3.53,24,3.55,20,3.64,24,3.59,23,3.63,22,3.7,11,3.55,6,Tidak Tepat,,,,,,,,,,,,,,,,,,,,,,
28,150411100028,3.55,21,3.4,22,3.4,20,3.22,24,3.19,21,3.24,24,3.24,10,3.11,9,Tidak Tepat,,,,,,,,,,,,,,,,,,,,,,
29,150411100029,3.64,21,3.63,24,3.59,20,3.43,24,3.35,23,3.41,22,3.49,11,3.35,6,Tidak Tepat,,,,,,,,,,,,,,,,,,,,,,
30,150411100030,3.95,21,3.87,22,3.87,20,3.78,24,3.76,24,3.78,24,3.62,14,3.78,2,Tepat,,,,,,,,,,,,,,,,,,,,,,
31,150411100031,3.6,21,3.68,24,3.62,20,3.46,24,3.33,23,3.38,19,3.37,14,3.25,9,Tidak Tepat,,,,,,,,,,,,,,,,,,,,,,
32,150411100032,3.6,21,3.64,24,3.59,20,3.42,24,3.34,21,3.32,24,3.37,11,3.24,6,Tidak Tepat,,,,,,,,,,,,,,,,,,,,,,
33,150411100033,3.62,21,3.54,24,3.55,20,3.56,24,3.49,23,3.54,22,3.61,11,3.47,6,Tidak Tepat,,,,,,,,,,,,,,,,,,,,,,
34,150411100034,0.57,21,0.57,0,0.57,0,0.57,0,0.57,0,0.57,0,0.57,0,0.57,0,Tidak Tepat,,,,,,,,,,,,,,,,,,,,,,
35,150411100035,3.57,21,3.57,24,3.47,20,3.54,24,3.44,24,3.47,24,3.28,20,3.41,3,Tepat,,,,,,,,,,,,,,,,,,,,,,
36,150411100036,3.55,21,3.54,24,3.18,23,2.93,17,2.91,13,2.67,16,2.6,3,2.78,2,Tidak Tepat,,,,,,,,,,,,,,,,,,,,,,
37,150411100037,3.4,21,3.44,24,3.39,20,3.33,24,3.18,24,3.22,19,3.29,10,3.09,15,Tidak Tepat,,,,,,,,,,,,,,,,,,,,,,
38,150411100038,3.69,21,3.52,24,3.49,23,3.42,24,3.24,20,3.27,16,3.35,17,3.22,6,Tidak Tepat,,,,,,,,,,,,,,,,,,,,,,
39,150411100039,3.48,21,3.51,24,3.51,23,3.4,24,3.31,20,3.41,19,3.29,17,3.23,6,Tidak Tepat,,,,,,,,,,,,,,,,,,,,,,
40,150411100040,3.62,21,3.71,24,3.54,23,3.48,24,3.41,20,3.51,22,3.35,17,3.35,0,Tidak Tepat,,,,,,,,,,,,,,,,,,,,,,
41,150411100041,3.71,21,3.72,24,3.74,23,3.7,24,3.67,24,3.67,22,3.68,7,3.7,6,Tepat,,,,,,,,,,,,,,,,,,,,,,
42,150411100042,3.79,21,3.66,24,3.58,23,3.49,24,3.45,20,3.42,22,3.49,11,3.35,6,Tidak Tepat,,,,,,,,,,,,,,,,,,,,,,
43,150411100043,3.86,21,3.89,24,3.8,23,3.78,24,3.66,23,3.77,22,3.63,14,3.79,0,Tepat,,,,,,,,,,,,,,,,,,,,,,
44,150411100044,3.33,21,3.52,24,3.51,20,3.33,24,3.19,21,3.28,19,3.24,16,3.11,6,Tidak Tepat,,,,,,,,,,,,,,,,,,,,,,
45,150411100045,3.4,21,3.61,24,3.59,23,3.46,24,3.45,23,3.53,22,3.41,14,3.57,0,Tepat,,,,,,,,,,,,,,,,,,,,,,
46,150411100046,3.64,21,3.51,24,3.44,23,3.39,23,3.26,20,3.33,17,3.37,17,3.24,9,Tidak Tepat,,,,,,,,,,,,,,,,,,,,,,
47,150411100047,1.14,21,1.14,0,1.14,0,1.14,0,1.14,0,1.14,0,1.14,0,1.14,0,Tidak Tepat,,,,,,,,,,,,,,,,,,,,,,
48,150411100048,3.93,21,3.76,24,3.83,20,3.76,24,3.63,23,3.64,22,3.65,11,3.51,9,Tidak Tepat,,,,,,,,,,,,,,,,,,,,,,
49,150411100049,3.5,21,3.62,24,2.55,23,2.55,0,2.55,0,2.55,0,2.55,0,2.55,0,Tidak Tepat,,,,,,,,,,,,,,,,,,,,,,
50,150411100050,2.81,21,2.91,20,3.34,9,3.14,24,2.5,20,2.5,0,2.5,0,2.5,0,Tidak Tepat,,,,,,,,,,,,,,,,,,,,,,
51,150411100051,3.64,21,3.62,24,3.56,23,3.52,24,3.43,23,3.53,22,3.41,14,3.57,0,Tepat,,,,,,,,,,,,,,,,,,,,,,
52,150411100052,3.9,21,3.92,24,3.9,23,3.85,24,3.78,23,3.87,22,3.73,14,3.88,0,Tidak Tepat,,,,,,,,,,,,,,,,,,,,,,
53,150411100053,3.24,21,3.29,24,3.32,23,3.21,23,3.1,17,3.2,11,3.26,20,3.17,15,Tidak Tepat,,,,,,,,,,,,,,,,,,,,,,
54,150411100054,3.4,21,3.47,24,3.47,22,3.4,24,3.32,23,3.37,22,3.43,8,3.31,9,Tidak Tepat,,,,,,,,,,,,,,,,,,,,,,
55,150411100055,3.64,21,3.54,24,3.42,23,3.28,24,3.19,20,3.26,19,3.35,11,3.22,9,Tidak Tepat,,,,,,,,,,,,,,,,,,,,,,
56,150411100056,3.69,21,3.73,24,3.68,20,3.55,24,3.44,23,3.54,22,3.36,17,3.36,0,Tidak Tepat,,,,,,,,,,,,,,,,,,,,,,
57,150411100057,3.71,21,3.72,24,3.65,23,3.65,0,2.99,15,2.99,0,2.99,0,2.99,0,Tidak Tepat,,,,,,,,,,,,,,,,,,,,,,
58,150411100058,3.79,21,3.82,24,3.66,23,3.59,24,3.53,23,3.66,22,3.52,14,3.68,0,Tepat,,,,,,,,,,,,,,,,,,,,,,
59,150411100059,3.5,21,3.48,24,3.49,23,3.33,24,3.31,21,3.4,24,3.29,14,3.29,0,Tidak Tepat,,,,,,,,,,,,,,,,,,,,,,
60,150411100060,3.57,21,3.56,24,3.37,20,3.26,20,3.15,21,3.1,19,3.0,11,3.01,10,Tidak Tepat,,,,,,,,,,,,,,,,,,,,,,
61,150411100061,3.71,21,3.69,24,3.6,23,3.53,24,3.52,23,3.66,22,3.51,14,3.67,0,Tepat,,,,,,,,,,,,,,,,,,,,,,
62,150411100062,3.81,21,3.77,24,3.68,23,3.63,24,3.51,23,3.59,22,3.39,17,3.39,3,Tidak Tepat,,,,,,,,,,,,,,,,,,,,,,
63,150411100063,0.43,21,0.43,0,0.43,0,0.43,0,0.43,0,0.43,0,0.43,0,0.43,0,Tidak Tepat,,,,,,,,,,,,,,,,,,,,,,
64,150411100064,3.6,21,3.56,24,3.57,23,3.48,24,3.39,20,3.52,19,3.49,11,3.36,9,Tidak Tepat,,,,,,,,,,,,,,,,,,,,,,
65,150411100065,2.88,21,3.11,20,3.37,17,3.13,21,2.63,18,2.63,0,2.63,0,2.63,0,Tidak Tepat,,,,,,,,,,,,,,,,,,,,,,
66,150411100066,3.74,21,3.8,24,3.71,23,3.67,24,3.63,23,3.74,22,3.6,14,3.76,0,Tepat,,,,,,,,,,,,,,,,,,,,,,
67,150411100067,1.0,21,1.0,0,1.0,0,1.0,0,1.0,0,1.0,0,1.0,0,1.0,0,Tidak Tepat,,,,,,,,,,,,,,,,,,,,,,
68,150411100068,3.38,21,3.44,24,3.4,23,3.34,24,3.25,23,3.4,19,3.26,14,3.21,6,Tidak Tepat,,,,,,,,,,,,,,,,,,,,,,
69,150411100069,3.57,21,3.63,24,3.6,23,3.42,24,3.26,21,3.31,19,3.37,13,3.24,9,Tidak Tepat,,,,,,,,,,,,,,,,,,,,,,
70,150411100070,3.83,21,3.73,24,3.61,23,3.58,24,3.56,23,3.65,22,3.52,14,3.68,0,Tepat,,,,,,,,,,,,,,,,,,,,,,
71,150411100071,3.21,21,3.02,24,3.02,0,3.02,0,3.02,0,3.02,0,3.02,0,3.02,0,Tidak Tepat,,,,,,,,,,,,,,,,,,,,,,
72,150411100072,3.55,21,3.69,24,3.63,23,3.6,24,3.55,20,3.66,22,3.5,17,3.65,3,Tepat,,,,,,,,,,,,,,,,,,,,,,
73,150411100073,3.64,21,3.6,24,3.53,23,3.43,24,3.34,20,3.37,19,3.45,11,3.32,9,Tidak Tepat,,,,,,,,,,,,,,,,,,,,,,
74,150411100074,3.5,21,3.64,24,3.54,23,3.43,24,3.37,20,3.41,22,3.28,17,3.28,0,Tidak Tepat,,,,,,,,,,,,,,,,,,,,,,
75,150411100075,3.6,21,3.44,24,3.1,23,2.99,17,3.16,13,3.21,23,3.17,16,3.03,14,Tidak Tepat,,,,,,,,,,,,,,,,,,,,,,
76,150411100076,3.29,21,3.4,24,3.4,20,3.23,24,3.13,21,3.17,19,3.26,16,3.07,9,Tidak Tepat,,,,,,,,,,,,,,,,,,,,,,
77,150411100077,3.55,21,3.58,24,3.5,20,3.35,24,3.26,21,3.26,19,3.19,16,3.08,9,Tidak Tepat,,,,,,,,,,,,,,,,,,,,,,
78,150411100078,3.62,21,3.63,24,3.62,20,3.6,24,3.58,23,3.62,22,3.47,14,3.64,3,Tepat,,,,,,,,,,,,,,,,,,,,,,
79,150411100079,3.33,21,3.37,24,3.32,20,3.3,24,3.16,23,3.08,19,2.97,11,2.85,6,Tidak Tepat,,,,,,,,,,,,,,,,,,,,,,
80,150411100080,3.1,21,2.93,24,3.01,20,2.76,24,2.36,18,2.46,5,2.57,6,2.55,12,Tidak Tepat,,,,,,,,,,,,,,,,,,,,,,
81,150411100081,1.5,21,1.46,15,1.55,11,1.59,12,1.95,0,2.01,10,2.11,6,2.08,8,Tidak Tepat,,,,,,,,,,,,,,,,,,,,,,
82,150411100082,3.31,21,3.44,24,3.47,20,3.42,24,3.34,24,3.39,22,3.44,13,3.31,9,Tidak Tepat,,,,,,,,,,,,,,,,,,,,,,
83,150411100083,3.52,21,3.56,24,3.52,20,3.37,24,3.19,21,3.28,10,3.28,16,3.17,18,Tidak Tepat,,,,,,,,,,,,,,,,,,,,,,
84,150411100084,3.26,21,3.28,24,3.24,20,3.17,24,3.11,23,3.06,19,3.06,14,2.99,6,Tidak Tepat,,,,,,,,,,,,,,,,,,,,,,
85,150411100085,3.38,21,3.42,24,3.42,0,3.42,0,3.42,0,3.42,0,3.42,0,3.42,0,Tidak Tepat,,,,,,,,,,,,,,,,,,,,,,
86,150411100086,3.69,21,3.68,24,3.62,20,3.38,24,3.25,21,3.3,19,3.18,22,3.18,0,Tidak Tepat,,,,,,,,,,,,,,,,,,,,,,
87,150411100087,0.79,21,0.79,0,0.79,0,0.79,0,0.79,0,0.79,0,0.79,0,0.79,0,Tidak Tepat,,,,,,,,,,,,,,,,,,,,,,
88,150411100088,3.6,21,3.6,24,3.59,20,3.61,24,3.54,23,3.63,22,3.48,17,3.64,3,Tepat,,,,,,,,,,,,,,,,,,,,,,
89,150411100089,1.29,21,1.29,0,1.29,0,1.29,0,1.29,0,1.29,0,1.29,0,1.29,0,Tidak Tepat,,,,,,,,,,,,,,,,,,,,,,
90,150411100090,2.57,21,2.7,20,2.7,0,2.4,13,2.64,9,2.31,10,2.32,9,2.03,17,Tidak Tepat,,,,,,,,,,,,,,,,,,,,,,
91,150411100091,3.57,21,3.62,24,3.58,20,3.49,24,3.38,23,3.48,19,3.34,20,3.5,0,Tepat,,,,,,,,,,,,,,,,,,,,,,
92,150411100092,3.45,21,3.45,0,3.19,10,2.47,21,2.18,7,1.95,7,1.95,0,1.95,0,Tidak Tepat,,,,,,,,,,,,,,,,,,,,,,
93,150411100093,3.83,21,3.8,24,3.74,20,3.61,24,3.47,23,3.5,19,3.5,14,3.36,6,Tidak Tepat,,,,,,,,,,,,,,,,,,,,,,
94,150411100094,2.67,21,1.6,21,1.6,0,1.6,0,1.6,0,1.6,0,1.6,0,1.6,0,Tidak Tepat,,,,,,,,,,,,,,,,,,,,,,
95,150411100095,2.57,21,1.91,20,1.88,12,1.69,13,1.59,6,1.47,6,1.47,0,1.35,7,Tidak Tepat,,,,,,,,,,,,,,,,,,,,,,
96,150411100096,3.29,21,3.44,24,3.35,20,3.2,24,3.34,18,3.34,22,3.31,16,3.33,6,Tepat,,,,,,,,,,,,,,,,,,,,,,
97,150411100097,3.43,21,3.64,24,3.65,23,3.69,24,3.7,24,3.73,24,3.57,11,3.72,3,Tepat,,,,,,,,,,,,,,,,,,,,,,
98,150411100098,3.64,21,3.68,24,3.49,23,3.41,24,3.43,18,3.47,22,3.39,13,3.27,12,Tidak Tepat,,,,,,,,,,,,,,,,,,,,,,
99,150411100099,3.52,21,3.57,24,3.42,20,3.38,24,3.37,21,3.45,22,3.38,13,3.26,9,Tidak Tepat,,,,,,,,,,,,,,,,,,,,,,
100,150411100100,3.38,21,3.43,24,3.5,20,3.47,24,3.34,23,3.34,19,3.31,14,3.18,6,Tidak Tepat,,,,,,,,,,,,,,,,,,,,,,
101,150411100101,3.48,21,3.57,24,3.58,20,3.54,24,3.29,23,3.29,0,3.29,0,3.29,0,Tidak Tepat,,,,,,,,,,,,,,,,,,,,,,
102,150411100102,3.55,21,3.79,24,3.74,23,3.74,24,3.65,23,3.64,22,3.5,11,3.5,3,Tidak Tepat,,,,,,,,,,,,,,,,,,,,,,
103,150411100103,3.24,21,3.2,24,2.9,23,2.87,17,3.06,10,3.0,20,2.9,19,2.89,11,Tidak Tepat,,,,,,,,,,,,,,,,,,,,,,
104,150411100104,3.57,21,3.67,24,3.58,20,3.33,24,3.29,21,3.38,22,3.25,19,3.25,0,Tidak Tepat,,,,,,,,,,,,,,,,,,,,,,
105,150411100105,3.6,21,3.64,24,3.6,23,3.46,24,3.34,20,3.38,19,3.45,11,3.31,9,Tidak Tepat,,,,,,,,,,,,,,,,,,,,,,
106,150411100106,3.67,21,3.46,24,3.47,23,3.48,23,3.39,20,3.44,23,3.39,14,3.56,6,Tepat,,,,,,,,,,,,,,,,,,,,,,
107,150411100107,3.43,21,3.61,24,3.57,23,3.4,24,3.22,17,3.33,16,3.33,17,3.37,9,Tepat,,,,,,,,,,,,,,,,,,,,,,
108,150411100108,3.69,21,3.64,24,3.7,23,3.74,24,3.7,20,3.8,22,3.63,14,3.79,3,Tepat,,,,,,,,,,,,,,,,,,,,,,
109,150411100109,2.93,21,3.06,20,3.17,19,2.94,24,2.69,17,2.58,8,2.73,2,2.62,13,Tidak Tepat,,,,,,,,,,,,,,,,,,,,,,
110,150411100110,3.55,21,3.42,24,3.3,23,3.11,24,3.07,20,3.12,19,3.21,11,3.02,9,Tidak Tepat,,,,,,,,,,,,,,,,,,,,,,
111,150411100111,3.64,21,3.6,24,3.47,23,3.35,24,3.25,20,3.27,19,3.32,11,3.19,9,Tidak Tepat,,,,,,,,,,,,,,,,,,,,,,
112,150411100112,3.64,21,3.58,24,3.54,23,3.48,24,3.45,20,3.58,22,3.46,17,3.62,0,Tepat,,,,,,,,,,,,,,,,,,,,,,
113,150411100113,3.45,21,2.09,24,2.09,0,2.09,0,2.09,0,2.09,0,2.09,0,2.09,0,Tidak Tepat,,,,,,,,,,,,,,,,,,,,,,
114,150411100114,3.12,21,3.02,21,2.85,20,2.65,20,2.63,13,2.75,9,2.76,14,2.79,17,Tidak Tepat,,,,,,,,,,,,,,,,,,,,,,
115,150411100115,3.4,21,3.53,24,3.6,23,3.46,24,3.47,20,3.55,22,3.4,14,3.55,3,Tepat,,,,,,,,,,,,,,,,,,,,,,
116,150411100116,3.0,21,3.16,24,3.18,23,2.53,24,2.35,12,2.39,0,2.39,3,2.39,0,Tidak Tepat,,,,,,,,,,,,,,,,,,,,,,
117,150411100117,3.33,21,3.41,24,3.35,23,3.19,24,3.08,20,3.09,19,3.22,14,3.11,9,Tidak Tepat,,,,,,,,,,,,,,,,,,,,,,
118,150411100118,3.12,21,2.96,24,2.95,20,2.95,17,2.78,21,2.79,16,2.95,10,2.89,16,Tidak Tepat,,,,,,,,,,,,,,,,,,,,,,
119,150411100119,3.45,21,3.42,24,3.43,23,3.23,24,3.04,20,3.06,15,3.19,5,3.15,19,Tidak Tepat,,,,,,,,,,,,,,,,,,,,,,
120,150411100120,3.12,21,2.81,24,2.52,17,2.56,15,2.51,10,2.51,15,2.5,8,2.5,0,Tidak Tepat,,,,,,,,,,,,,,,,,,,,,,
121,150411100121,3.36,21,3.62,24,3.63,23,3.6,24,3.54,20,3.65,22,3.52,17,3.52,0,Tidak Tepat,,,,,,,,,,,,,,,,,,,,,,
122,150411100122,3.33,21,3.39,24,3.42,23,3.21,24,3.06,17,2.91,13,2.82,6,2.76,3,Tidak Tepat,,,,,,,,,,,,,,,,,,,,,,
123,150411100123,3.4,21,3.37,24,3.34,23,3.18,24,3.05,20,3.1,16,3.15,17,3.03,9,Tidak Tepat,,,,,,,,,,,,,,,,,,,,,,
124,150411100124,3.02,21,3.2,24,3.12,23,2.97,20,2.81,18,2.84,16,3.01,10,2.93,19,Tidak Tepat,,,,,,,,,,,,,,,,,,,,,,
125,150411100125,3.6,21,3.59,24,3.51,23,3.37,24,3.21,17,3.28,16,3.32,17,3.2,9,Tidak Tepat,,,,,,,,,,,,,,,,,,,,,,
126,150411100126,3.05,21,3.17,24,3.14,23,3.09,20,3.02,18,2.9,20,2.65,12,2.65,0,Tidak Tepat,,,,,,,,,,,,,,,,,,,,,,
127,150411200127,3.25,26,3.26,23,3.19,18,3.24,13,0.0,0,0.0,0,0.0,0,0.0,0,Tidak Tepat,,,,,,,,,,,,,,,,,,,,,,
128,150411200128,3.45,28,3.45,24,3.33,15,3.42,13,0.0,0,0.0,0,0.0,0,0.0,0,Tidak Tepat,,,,,,,,,,,,,,,,,,,,,,
129,150411200129,3.25,28,3.08,24,3.06,15,3.19,13,0.0,0,0.0,0,0.0,0,0.0,0,Tidak Tepat,,,,,,,,,,,,,,,,,,,,,,
130,150411200130,3.55,28,3.31,24,3.22,15,3.33,17,0.0,0,0.0,0,0.0,0,0.0,0,Tidak Tepat,,,,,,,,,,,,,,,,,,,,,,
131,150411200131,3.46,28,3.34,24,3.26,15,3.3,13,0.0,0,0.0,0,0.0,0,0.0,0,Tidak Tepat,,,,,,,,,,,,,,,,,,,,,,
132,150411200132,3.07,34,3.01,21,2.82,18,2.68,13,2.96,0,2.96,0,0.0,0,0.0,0,Tidak Tepat,,,,,,,,,,,,,,,,,,,,,,
133,150411200133,3.14,28,2.98,21,2.98,15,2.86,17,3.15,0,3.15,0,0.0,0,0.0,0,Tidak Tepat,,,,,,,,,,,,,,,,,,,,,,
134,150411200134,3.41,28,3.23,24,3.27,15,3.39,17,0.0,0,0.0,0,0.0,0,0.0,0,Tidak Tepat,,,,,,,,,,,,,,,,,,,,,,
135,150411200135,3.16,31,3.1,21,3.05,18,3.16,13,0.0,0,0.0,0,0.0,0,0.0,0,Tidak Tepat,,,,,,,,,,,,,,,,,,,,,,
136,150411200136,3.22,30,3.25,21,3.16,18,3.21,13,0.0,0,0.0,0,0.0,0,0.0,0,Tidak Tepat,,,,,,,,,,,,,,,,,,,,,,
137,150411200137,3.31,31,3.29,24,3.16,15,3.28,13,0.0,0,0.0,0,0.0,0,0.0,0,Tidak Tepat,,,,,,,,,,,,,,,,,,,,,,
138,150411200138,3.3,28,3.16,24,3.15,15,3.19,13,0.0,0,0.0,0,0.0,0,0.0,0,Tidak Tepat,,,,,,,,,,,,,,,,,,,,,,
139,150411200139,3.3,30,3.15,24,3.18,15,3.27,13,0.0,0,0.0,0,0.0,0,0.0,0,Tidak Tepat,,,,,,,,,,,,,,,,,,,,,,
140,160411100001,3.24,19,3.17,22,3.25,20,3.3,20,3.17,23,3.13,19,3.15,13,3.09,13,Tidak Tepat,,,,,,,,,,,,,,,,,,,,,,
141,160411100002,0.0,19,0.0,0,0.0,0,0.0,0,0.0,0,0.0,0,0.0,0,0.0,0,Tidak Tepat,,,,,,,,,,,,,,,,,,,,,,
142,160411100003,2.97,19,3.08,20,3.1,23,3.18,22,3.17,20,3.18,24,3.14,10,3.09,11,Tidak Tepat,,,,,,,,,,,,,,,,,,,,,,
143,160411100004,3.24,19,3.24,0,3.24,0,3.24,0,3.24,0,3.24,0,3.24,0,3.24,0,Tidak Tepat,,,,,,,,,,,,,,,,,,,,,,
144,160411100005,3.26,19,2.95,22,3.01,20,3.02,20,3.1,21,3.15,24,3.17,12,3.08,11,Tidak Tepat,,,,,,,,,,,,,,,,,,,,,,
145,160411100006,3.16,19,3.18,22,3.17,23,3.2,22,3.12,20,3.13,21,3.15,13,3.07,9,Tidak Tepat,,,,,,,,,,,,,,,,,,,,,,
146,160411100007,3.0,19,2.44,22,2.44,0,2.44,0,2.44,0,2.44,0,2.44,0,2.44,0,Tidak Tepat,,,,,,,,,,,,,,,,,,,,,,
147,160411100008,3.18,19,3.15,22,3.3,23,3.41,22,3.31,23,3.3,21,3.14,16,3.23,3,Tidak Tepat,,,,,,,,,,,,,,,,,,,,,,
148,160411100009,3.03,19,2.9,22,2.92,20,3.1,17,3.05,23,3.08,19,3.09,16,2.95,13,Tidak Tepat,,,,,,,,,,,,,,,,,,,,,,
149,160411100010,3.13,19,3.29,22,3.22,23,3.3,22,3.26,20,3.27,24,3.3,10,3.32,9,Tepat,,,,,,,,,,,,,,,,,,,,,,
150,160411100011,2.95,19,3.31,20,3.34,23,3.37,22,3.4,20,3.42,24,3.23,16,3.46,5,Tepat,,,,,,,,,,,,,,,,,,,,,,
151,160411100012,2.29,19,2.6,17,2.86,20,2.95,23,3.15,18,3.28,23,3.24,13,3.25,5,Tidak Tepat,,,,,,,,,,,,,,,,,,,,,,
152,160411100013,3.74,19,3.57,22,3.57,20,3.58,22,3.51,23,3.49,24,3.36,16,3.52,3,Tepat,,,,,,,,,,,,,,,,,,,,,,
153,160411100014,2.76,19,2.62,20,2.57,17,2.9,14,2.98,20,2.79,20,2.87,11,2.91,11,Tidak Tepat,,,,,,,,,,,,,,,,,,,,,,
154,160411100015,3.32,19,3.23,22,3.27,23,3.35,22,3.32,20,3.31,24,3.32,10,3.2,9,Tidak Tepat,,,,,,,,,,,,,,,,,,,,,,
155,160411100016,3.37,19,3.54,22,3.5,23,3.59,22,3.43,23,3.4,21,3.19,13,3.27,9,Tidak Tepat,,,,,,,,,,,,,,,,,,,,,,
156,160411100017,2.95,19,3.15,20,3.32,20,3.3,22,3.25,21,3.29,24,3.29,9,3.14,14,Tidak Tepat,,,,,,,,,,,,,,,,,,,,,,
157,160411100018,3.16,19,3.2,22,3.2,23,3.28,22,3.27,20,3.31,24,3.37,13,3.4,6,Tepat,,,,,,,,,,,,,,,,,,,,,,
158,160411100019,3.32,19,2.79,22,2.98,17,3.14,19,3.12,24,3.19,22,3.19,12,3.08,14,Tidak Tepat,,,,,,,,,,,,,,,,,,,,,,
159,160411100020,2.89,19,2.21,20,2.0,14,2.02,4,1.88,11,1.83,2,1.78,2,1.88,0,Tidak Tepat,,,,,,,,,,,,,,,,,,,,,,
160,160411100021,0.0,19,0.0,0,0.0,0,0.0,0,0.0,0,0.0,0,0.0,0,0.0,0,Tidak Tepat,,,,,,,,,,,,,,,,,,,,,,
161,160411100022,2.97,19,3.04,20,3.04,23,3.15,22,3.25,20,3.26,23,3.27,16,3.19,6,Tidak Tepat,,,,,,,,,,,,,,,,,,,,,,
162,160411100023,3.92,19,3.85,18,3.82,23,3.74,24,3.7,18,3.69,24,3.63,12,3.55,11,Tidak Tepat,,,,,,,,,,,,,,,,,,,,,,
163,160411100024,3.37,19,3.37,22,3.26,20,3.32,22,3.36,21,3.4,24,3.36,12,3.29,9,Tidak Tepat,,,,,,,,,,,,,,,,,,,,,,
164,160411100025,3.08,19,3.04,22,3.14,23,3.2,22,3.17,20,3.14,24,3.13,10,3.07,9,Tidak Tepat,,,,,,,,,,,,,,,,,,,,,,
165,160411100026,3.05,19,3.05,22,3.07,23,3.17,20,3.18,20,3.2,23,3.22,16,3.14,6,Tidak Tepat,,,,,,,,,,,,,,,,,,,,,,
166,160411100027,2.66,19,2.73,20,2.67,20,2.75,20,2.88,18,2.94,23,2.94,18,2.82,11,Tidak Tepat,,,,,,,,,,,,,,,,,,,,,,
167,160411100028,2.66,19,2.27,20,2.39,14,2.63,18,2.62,19,2.86,13,2.85,20,2.82,11,Tidak Tepat,,,,,,,,,,,,,,,,,,,,,,
168,160411100029,2.95,19,3.17,20,3.06,20,2.99,20,2.92,21,3.06,21,3.11,12,2.97,16,Tidak Tepat,,,,,,,,,,,,,,,,,,,,,,
169,160411100030,3.29,19,3.37,22,3.29,23,3.34,20,3.33,20,3.23,23,3.22,10,3.15,12,Tidak Tepat,,,,,,,,,,,,,,,,,,,,,,
170,160411100031,0.0,19,0.0,0,0.0,0,0.0,0,0.0,0,0.0,0,0.0,0,0.0,0,Tidak Tepat,,,,,,,,,,,,,,,,,,,,,,
171,160411100032,3.39,19,3.38,22,3.4,20,3.47,22,3.48,23,3.52,24,3.4,16,3.58,3,Tepat,,,,,,,,,,,,,,,,,,,,,,
172,160411100033,2.37,19,2.39,18,2.47,9,2.26,10,2.14,3,2.14,0,2.14,0,2.14,0,Tidak Tepat,,,,,,,,,,,,,,,,,,,,,,
173,160411100034,2.84,19,1.9,20,1.9,0,1.9,0,1.9,0,1.9,0,1.9,0,1.9,0,Tidak Tepat,,,,,,,,,,,,,,,,,,,,,,
174,160411100035,2.68,19,1.5,19,1.5,0,1.5,0,1.5,0,1.5,0,1.5,0,1.5,0,Tidak Tepat,,,,,,,,,,,,,,,,,,,,,,
175,160411100036,3.29,19,3.38,22,3.34,20,3.43,22,3.42,23,3.41,24,3.23,16,3.45,3,Tepat,,,,,,,,,,,,,,,,,,,,,,
176,160411100037,3.34,19,3.41,22,3.38,23,3.37,22,3.42,20,3.4,24,3.38,10,3.3,9,Tidak Tepat,,,,,,,,,,,,,,,,,,,,,,
177,160411100038,3.16,19,3.15,22,3.09,23,3.19,17,3.03,20,3.04,18,3.08,7,3.11,14,Tidak Tepat,,,,,,,,,,,,,,,,,,,,,,
178,160411100039,2.92,19,3.01,20,3.19,23,3.24,22,3.19,20,3.16,21,3.19,13,3.08,11,Tidak Tepat,,,,,,,,,,,,,,,,,,,,,,
179,160411100040,3.05,19,2.94,22,3.16,20,3.21,20,3.15,23,3.15,20,3.09,19,2.98,12,Tidak Tepat,,,,,,,,,,,,,,,,,,,,,,
180,160411100041,2.95,19,3.14,20,3.09,20,3.11,22,3.1,21,3.17,19,3.15,12,3.01,16,Tidak Tepat,,,,,,,,,,,,,,,,,,,,,,
181,160411100042,2.95,19,2.97,20,3.03,23,3.07,22,3.01,20,3.02,21,2.98,10,2.96,14,Tidak Tepat,,,,,,,,,,,,,,,,,,,,,,
182,160411100043,2.79,19,1.36,20,1.36,0,1.36,0,1.36,0,1.36,0,1.36,0,1.36,0,Tidak Tepat,,,,,,,,,,,,,,,,,,,,,,
183,160411100044,3.55,19,3.45,22,3.46,20,3.57,22,3.62,23,3.62,24,3.5,16,3.65,3,Tepat,,,,,,,,,,,,,,,,,,,,,,
184,160411100045,3.24,19,3.26,22,3.19,23,3.33,22,3.37,20,3.33,24,3.24,16,3.26,3,Tidak Tepat,,,,,,,,,,,,,,,,,,,,,,
185,160411100046,3.26,19,3.27,22,3.3,20,3.37,22,3.33,23,3.33,24,3.31,10,3.4,9,Tepat,,,,,,,,,,,,,,,,,,,,,,
186,160411100047,3.45,19,3.22,22,3.13,20,3.09,20,3.09,21,3.03,23,2.98,9,2.89,15,Tidak Tepat,,,,,,,,,,,,,,,,,,,,,,
187,160411100048,3.39,19,3.38,22,3.34,20,3.41,22,3.39,23,3.37,21,3.37,16,3.29,6,Tidak Tepat,,,,,,,,,,,,,,,,,,,,,,
188,160411100049,3.24,19,3.07,22,3.09,20,3.15,20,3.07,23,3.06,20,3.14,13,3.02,12,Tidak Tepat,,,,,,,,,,,,,,,,,,,,,,
189,160411100050,3.29,19,3.26,22,3.17,23,3.27,22,3.28,20,3.27,24,3.13,19,3.18,0,Tidak Tepat,,,,,,,,,,,,,,,,,,,,,,
190,160411100051,3.11,19,3.16,22,3.12,23,3.22,22,3.29,20,3.28,24,3.2,16,3.21,3,Tidak Tepat,,,,,,,,,,,,,,,,,,,,,,
191,160411100052,3.11,19,3.21,22,3.15,20,3.19,22,3.16,23,3.18,24,3.19,10,3.12,9,Tidak Tepat,,,,,,,,,,,,,,,,,,,,,,
192,160411100053,2.84,19,1.46,20,1.46,0,1.46,0,1.46,0,1.46,0,1.46,0,1.46,0,Tidak Tepat,,,,,,,,,,,,,,,,,,,,,,
193,160411100054,3.24,19,3.11,22,3.07,20,3.22,22,3.15,23,3.19,21,3.16,13,3.1,9,Tidak Tepat,,,,,,,,,,,,,,,,,,,,,,
194,160411100055,2.97,19,3.23,20,3.36,23,3.42,22,3.51,20,3.52,24,3.34,16,3.41,5,Tidak Tepat,,,,,,,,,,,,,,,,,,,,,,
195,160411100056,3.16,19,2.61,22,2.15,17,2.29,7,2.1,6,2.22,3,2.34,0,2.25,3,Tidak Tepat,,,,,,,,,,,,,,,,,,,,,,
196,160411100057,3.11,19,2.71,22,2.71,0,2.71,0,2.46,20,2.6,12,2.75,11,2.9,16,Tidak Tepat,,,,,,,,,,,,,,,,,,,,,,
197,160411100058,3.26,19,3.23,22,3.28,20,3.31,22,3.36,23,3.35,24,3.32,10,3.42,9,Tepat,,,,,,,,,,,,,,,,,,,,,,
198,160411100059,3.18,19,3.29,22,3.16,20,3.23,20,3.39,20,3.36,23,3.36,13,3.31,15,Tidak Tepat,,,,,,,,,,,,,,,,,,,,,,
199,160411100060,3.05,19,3.13,22,3.02,20,3.15,20,3.16,23,3.18,24,3.13,10,3.02,11,Tidak Tepat,,,,,,,,,,,,,,,,,,,,,,
200,160411100061,3.47,19,2.4,22,2.48,10,2.8,9,2.9,10,2.84,7,2.85,13,2.74,18,Tidak Tepat,,,,,,,,,,,,,,,,,,,,,,
201,160411100062,3.47,19,3.49,22,3.49,20,3.5,22,3.39,23,3.37,21,3.35,10,3.42,12,Tepat,,,,,,,,,,,,,,,,,,,,,,
202,160411100063,3.95,19,3.93,22,3.93,23,3.9,22,3.89,23,3.83,24,3.61,16,3.67,0,Tidak Tepat,,,,,,,,,,,,,,,,,,,,,,
203,160411100064,3.13,19,2.74,22,2.82,17,2.89,13,2.89,21,2.76,19,2.76,15,2.85,14,Tidak Tepat,,,,,,,,,,,,,,,,,,,,,,
204,160411100065,2.82,19,3.01,18,3.16,9,3.24,22,3.16,22,3.19,16,3.21,20,3.13,21,Tidak Tepat,,,,,,,,,,,,,,,,,,,,,,
205,160411100066,3.58,19,3.35,22,3.3,23,3.31,22,3.34,20,3.28,24,3.12,16,3.19,3,Tidak Tepat,,,,,,,,,,,,,,,,,,,,,,
206,160411100067,3.08,19,3.01,22,3.17,20,3.29,19,3.19,23,3.22,19,3.28,16,3.12,11,Tidak Tepat,,,,,,,,,,,,,,,,,,,,,,
207,160411100068,0.95,19,0.95,0,0.95,0,0.95,0,0.95,0,0.95,0,0.95,0,0.95,0,Tidak Tepat,,,,,,,,,,,,,,,,,,,,,,
208,160411100069,2.97,19,2.58,20,2.12,17,2.47,6,3.01,9,2.91,21,3.03,21,2.86,19,Tidak Tepat,,,,,,,,,,,,,,,,,,,,,,
209,160411100070,3.18,19,2.93,22,3.03,20,3.17,19,3.19,23,3.17,24,3.27,13,3.14,9,Tidak Tepat,,,,,,,,,,,,,,,,,,,,,,
210,160411100071,2.89,19,3.1,20,3.1,23,3.05,22,2.97,20,2.99,21,3.03,10,2.88,14,Tidak Tepat,,,,,,,,,,,,,,,,,,,,,,
211,160411100072,3.39,19,3.23,22,2.37,20,2.37,0,2.37,0,2.37,0,2.37,0,2.37,0,Tidak Tepat,,,,,,,,,,,,,,,,,,,,,,
212,160411100073,3.66,19,3.6,22,3.47,23,3.53,22,3.5,20,3.51,24,3.35,19,3.4,0,Tidak Tepat,,,,,,,,,,,,,,,,,,,,,,
213,160411100074,3.95,19,3.84,22,3.79,23,3.73,22,3.72,20,3.65,24,3.61,10,3.52,9,Tidak Tepat,,,,,,,,,,,,,,,,,,,,,,
214,160411100075,2.68,19,3.01,18,3.3,12,3.24,19,3.21,12,3.28,15,3.26,18,3.29,13,Tidak Tepat,,,,,,,,,,,,,,,,,,,,,,
215,160411100076,3.13,19,3.34,22,3.36,20,3.35,20,3.27,23,3.25,20,3.28,13,3.21,12,Tidak Tepat,,,,,,,,,,,,,,,,,,,,,,
216,160411100077,3.61,19,3.51,22,3.55,20,3.67,22,3.7,23,3.63,24,3.51,16,3.68,3,Tepat,,,,,,,,,,,,,,,,,,,,,,
217,160411100078,3.29,19,3.37,22,3.31,23,3.31,22,3.26,20,3.21,20,3.21,10,3.05,13,Tidak Tepat,,,,,,,,,,,,,,,,,,,,,,
218,160411100079,3.42,19,3.43,22,3.48,23,3.58,19,3.59,20,3.54,24,3.34,16,3.42,6,Tidak Tepat,,,,,,,,,,,,,,,,,,,,,,
219,160411100080,3.63,19,3.35,22,3.41,20,3.43,22,3.39,23,3.38,24,3.34,16,3.5,3,Tepat,,,,,,,,,,,,,,,,,,,,,,
220,160411100081,3.45,19,3.27,22,3.23,23,3.25,20,3.21,20,3.23,21,3.23,13,3.12,11,Tidak Tepat,,,,,,,,,,,,,,,,,,,,,,
221,160411100082,3.32,19,3.27,22,3.25,20,3.18,22,2.95,21,3.03,16,3.1,12,2.95,17,Tidak Tepat,,,,,,,,,,,,,,,,,,,,,,
222,160411100083,3.18,19,3.15,22,3.21,20,3.32,22,3.28,23,3.32,24,3.37,10,3.41,9,Tepat,,,,,,,,,,,,,,,,,,,,,,
223,160411100084,3.53,19,3.48,22,3.34,20,3.47,22,3.49,23,3.5,24,3.52,10,3.54,9,Tepat,,,,,,,,,,,,,,,,,,,,,,
224,160411100085,3.0,19,3.1,22,3.03,20,3.06,20,3.08,23,3.11,24,3.1,10,3.05,11,Tidak Tepat,,,,,,,,,,,,,,,,,,,,,,
225,160411100086,3.32,19,3.3,22,3.22,23,3.31,22,3.4,20,3.38,24,3.38,13,3.46,6,Tepat,,,,,,,,,,,,,,,,,,,,,,
226,160411100087,3.13,19,3.29,22,3.34,23,3.38,20,3.31,20,3.28,23,3.14,19,3.37,3,Tepat,,,,,,,,,,,,,,,,,,,,,,
227,160411100088,3.63,19,3.66,22,3.65,20,3.53,20,3.47,23,3.41,23,3.46,13,3.31,12,Tidak Tepat,,,,,,,,,,,,,,,,,,,,,,
228,160411100089,2.76,19,2.81,18,2.77,12,2.75,15,2.89,6,2.82,7,2.76,15,2.84,13,Tidak Tepat,,,,,,,,,,,,,,,,,,,,,,
229,160411100090,3.26,19,3.43,22,3.3,23,3.3,22,3.32,20,3.32,24,3.25,10,3.17,9,Tidak Tepat,,,,,,,,,,,,,,,,,,,,,,
230,160411100091,2.47,19,2.42,17,2.53,17,2.51,20,2.5,18,2.61,10,2.62,10,2.5,11,Tidak Tepat,,,,,,,,,,,,,,,,,,,,,,
231,160411100092,3.03,19,3.24,22,3.3,20,3.37,22,3.34,23,3.32,24,3.27,10,3.14,9,Tidak Tepat,,,,,,,,,,,,,,,,,,,,,,
232,160411100093,2.66,19,2.81,18,3.11,12,2.55,19,2.39,6,2.52,0,2.53,0,2.82,13,Tidak Tepat,,,,,,,,,,,,,,,,,,,,,,
233,160411100094,3.47,19,3.27,22,3.2,23,3.24,22,3.11,18,3.11,18,3.14,18,3.09,9,Tidak Tepat,,,,,,,,,,,,,,,,,,,,,,
234,160411100095,3.05,19,3.15,22,3.25,23,3.21,22,3.16,17,3.23,16,3.24,10,3.15,17,Tidak Tepat,,,,,,,,,,,,,,,,,,,,,,
235,160411100096,3.0,19,3.04,22,2.71,23,2.87,18,3.07,12,3.14,17,3.13,16,2.97,20,Tidak Tepat,,,,,,,,,,,,,,,,,,,,,,
236,160411100097,2.84,19,2.47,20,2.51,17,2.64,11,2.56,13,2.3,9,2.14,7,2.2,3,Tidak Tepat,,,,,,,,,,,,,,,,,,,,,,
237,160411100098,3.32,19,3.09,22,3.1,20,3.1,22,3.04,23,3.07,21,3.07,13,3.15,9,Tepat,,,,,,,,,,,,,,,,,,,,,,
238,160411100099,2.87,19,3.07,18,2.84,3,2.84,0,2.84,0,2.84,0,2.84,0,2.84,0,Tidak Tepat,,,,,,,,,,,,,,,,,,,,,,
239,160411100100,2.97,19,3.12,20,3.04,23,3.14,20,2.89,14,2.89,0,2.89,0,2.89,0,Tidak Tepat,,,,,,,,,,,,,,,,,,,,,,
240,160411100101,3.29,19,3.51,22,3.62,20,3.69,22,3.73,23,3.66,24,3.51,13,3.66,9,Tepat,,,,,,,,,,,,,,,,,,,,,,
241,160411100102,3.11,19,3.16,22,3.21,23,3.33,22,3.33,20,3.31,21,3.32,16,3.24,6,Tidak Tepat,,,,,,,,,,,,,,,,,,,,,,
242,160411100103,2.76,19,2.93,18,2.8,20,2.62,20,2.83,10,3.01,16,3.1,15,2.96,9,Tidak Tepat,,,,,,,,,,,,,,,,,,,,,,
243,160411100104,3.42,19,3.49,22,3.39,20,3.45,22,3.41,23,3.3,24,3.28,10,3.4,6,Tidak Tepat,,,,,,,,,,,,,,,,,,,,,,
244,160411100105,3.45,19,3.29,22,3.3,20,3.36,20,3.25,23,3.22,20,3.28,13,3.15,12,Tidak Tepat,,,,,,,,,,,,,,,,,,,,,,
245,160411100106,3.13,19,3.09,22,3.13,23,3.22,19,3.16,20,3.19,21,3.15,13,3.1,12,Tidak Tepat,,,,,,,,,,,,,,,,,,,,,,
246,160411100107,2.37,19,1.66,18,1.66,0,1.66,0,1.66,0,1.66,0,1.66,0,1.66,0,Tidak Tepat,,,,,,,,,,,,,,,,,,,,,,
247,160411100108,3.68,19,3.38,22,3.35,20,3.44,22,3.48,21,3.41,24,3.21,18,3.42,3,Tepat,,,,,,,,,,,,,,,,,,,,,,
248,160411100109,3.45,19,3.35,22,3.29,20,3.36,20,3.31,23,3.3,23,3.31,13,3.18,12,Tidak Tepat,,,,,,,,,,,,,,,,,,,,,,
249,160411100110,3.11,19,3.24,22,3.21,23,3.23,22,3.24,20,3.25,24,3.25,13,3.17,6,Tidak Tepat,,,,,,,,,,,,,,,,,,,,,,
250,160411100111,3.0,19,3.01,22,2.83,20,2.85,18,2.89,15,2.91,14,2.83,16,2.8,14,Tidak Tepat,,,,,,,,,,,,,,,,,,,,,,
251,160411100112,3.71,19,3.63,22,3.65,23,3.69,22,3.73,20,3.72,24,3.59,19,3.75,0,Tepat,,,,,,,,,,,,,,,,,,,,,,
252,160411100113,2.61,19,2.47,18,2.54,9,2.54,11,2.44,5,2.48,7,2.29,14,2.42,23,Tidak Tepat,,,,,,,,,,,,,,,,,,,,,,
253,160411100114,3.39,19,3.63,22,3.53,23,3.59,22,3.59,20,3.6,24,3.51,19,3.51,0,Tidak Tepat,,,,,,,,,,,,,,,,,,,,,,
254,160411100115,3.53,19,3.7,22,3.39,23,3.43,18,3.56,17,3.38,23,3.29,13,3.42,8,Tidak Tepat,,,,,,,,,,,,,,,,,,,,,,
255,160411100116,3.39,19,3.09,22,2.93,20,3.03,15,3.07,17,3.01,20,3.01,17,2.89,17,Tidak Tepat,,,,,,,,,,,,,,,,,,,,,,
256,160411100117,2.89,19,3.12,20,3.07,20,3.15,20,3.27,23,3.19,22,3.22,16,3.24,9,Tepat,,,,,,,,,,,,,,,,,,,,,,
257,160411100118,3.21,19,3.24,22,3.27,20,3.33,22,3.39,21,3.39,24,3.39,15,3.25,6,Tidak Tepat,,,,,,,,,,,,,,,,,,,,,,
258,160411100119,2.74,19,2.65,20,2.94,20,3.05,20,3.09,21,3.15,23,3.13,12,3.04,14,Tidak Tepat,,,,,,,,,,,,,,,,,,,,,,
259,160411100120,3.24,19,3.16,22,2.97,20,3.08,20,3.06,23,3.07,23,3.14,13,3.08,12,Tidak Tepat,,,,,,,,,,,,,,,,,,,,,,
260,160411100121,3.42,19,3.43,22,2.38,20,2.38,0,2.38,0,2.38,0,2.38,0,2.38,0,Tidak Tepat,,,,,,,,,,,,,,,,,,,,,,
261,160411100122,3.03,19,3.29,22,3.37,20,3.4,22,3.36,23,3.29,21,3.27,10,3.21,12,Tidak Tepat,,,,,,,,,,,,,,,,,,,,,,
262,160411100123,2.66,19,2.77,20,2.94,20,2.98,22,3.0,23,2.89,20,2.9,16,2.89,14,Tidak Tepat,,,,,,,,,,,,,,,,,,,,,,
263,160411100124,3.42,19,3.18,22,3.19,20,3.23,22,3.17,23,3.16,21,3.14,10,3.06,12,Tidak Tepat,,,,,,,,,,,,,,,,,,,,,,
264,160411100125,2.82,19,2.88,18,3.14,9,3.16,22,3.19,22,3.17,16,3.15,20,3.07,21,Tidak Tepat,,,,,,,,,,,,,,,,,,,,,,
265,160411100126,2.89,19,2.85,20,2.94,20,3.01,22,2.96,21,2.95,18,2.94,12,2.86,14,Tidak Tepat,,,,,,,,,,,,,,,,,,,,,,
266,160411100127,3.11,19,2.85,18,3.18,9,3.15,17,2.63,19,2.63,0,2.51,5,2.51,0,Tidak Tepat,,,,,,,,,,,,,,,,,,,,,,
267,160411100128,3.34,19,3.43,22,3.34,20,3.39,20,3.5,20,3.46,24,3.51,11,3.38,11,Tidak Tepat,,,,,,,,,,,,,,,,,,,,,,
268,160411100129,3.18,19,3.32,22,3.27,20,3.34,22,3.31,23,3.34,24,3.38,8,3.47,9,Tepat,,,,,,,,,,,,,,,,,,,,,,
269,160411100130,3.37,19,3.21,22,3.23,20,3.26,20,3.34,21,3.31,23,3.28,12,3.28,6,Tidak Tepat,,,,,,,,,,,,,,,,,,,,,,
270,160411100131,2.87,19,1.63,20,1.76,10,1.97,0,1.75,6,1.75,0,1.92,0,1.92,0,Tidak Tepat,,,,,,,,,,,,,,,,,,,,,,
271,160411100132,3.61,19,3.7,22,3.65,20,3.6,22,3.59,23,3.57,24,3.36,16,3.43,3,Tidak Tepat,,,,,,,,,,,,,,,,,,,,,,
272,160411100133,0.63,19,0.63,0,0.63,0,0.63,0,0.63,0,0.63,0,0.63,0,0.63,0,Tidak Tepat,,,,,,,,,,,,,,,,,,,,,,
273,160411100134,3.11,19,3.12,22,3.2,20,3.21,20,3.14,23,3.14,21,3.12,13,3.07,11,Tidak Tepat,,,,,,,,,,,,,,,,,,,,,,
274,160411100135,2.74,19,2.78,20,2.83,20,3.07,17,3.09,21,3.04,23,2.95,18,2.81,14,Tidak Tepat,,,,,,,,,,,,,,,,,,,,,,
275,160411100136,3.37,19,3.28,22,3.29,20,3.28,20,3.27,23,3.28,23,3.3,13,3.24,9,Tidak Tepat,,,,,,,,,,,,,,,,,,,,,,
276,160411100137,3.21,19,3.28,22,3.29,23,3.31,22,3.21,20,3.24,21,3.13,19,3.14,3,Tidak Tepat,,,,,,,,,,,,,,,,,,,,,,
277,160411100138,3.45,19,3.38,22,3.25,20,3.39,22,3.25,23,3.27,21,3.34,8,3.43,12,Tepat,,,,,,,,,,,,,,,,,,,,,,
278,160411100139,3.45,19,3.02,22,3.02,0,3.02,0,3.02,0,3.02,0,3.02,0,3.02,0,Tidak Tepat,,,,,,,,,,,,,,,,,,,,,,
279,160411100140,3.08,19,3.21,22,3.13,23,3.1,20,3.19,17,3.26,19,3.16,10,3.15,13,Tidak Tepat,,,,,,,,,,,,,,,,,,,,,,
280,160411100141,3.11,19,2.7,22,2.78,17,2.93,16,2.85,17,2.67,13,2.75,5,2.9,13,Tidak Tepat,,,,,,,,,,,,,,,,,,,,,,
281,160411100142,3.05,19,3.2,22,3.22,20,3.21,22,3.06,23,3.14,21,3.25,7,3.18,9,Tidak Tepat,,,,,,,,,,,,,,,,,,,,,,
282,160411100143,2.61,19,2.53,20,2.73,17,2.94,15,2.99,23,2.71,22,2.61,11,2.79,2,Tidak Tepat,,,,,,,,,,,,,,,,,,,,,,
283,160411100144,3.11,19,3.09,22,3.02,20,3.08,18,3.14,15,3.11,14,3.08,16,3.04,17,Tidak Tepat,,,,,,,,,,,,,,,,,,,,,,
284,160411100145,3.21,19,2.88,22,2.89,20,3.08,18,3.01,17,2.87,13,2.93,5,3.06,13,Tidak Tepat,,,,,,,,,,,,,,,,,,,,,,
285,160411100146,3.34,19,3.39,22,3.16,20,3.19,20,3.07,20,3.0,20,3.0,13,2.94,17,Tidak Tepat,,,,,,,,,,,,,,,,,,,,,,
286,160411100147,2.74,19,2.72,20,2.69,20,2.91,17,2.89,21,2.85,20,2.84,15,2.88,11,Tidak Tepat,,,,,,,,,,,,,,,,,,,,,,
287,160411100148,3.53,19,3.37,22,3.24,20,3.3,20,3.25,23,3.23,23,3.21,13,3.14,9,Tidak Tepat,,,,,,,,,,,,,,,,,,,,,,
288,160411100149,3.21,19,3.33,22,3.28,23,3.35,22,3.3,20,3.29,24,3.17,19,3.05,6,Tidak Tepat,,,,,,,,,,,,,,,,,,,,,,
289,160411100150,3.26,19,3.37,22,3.4,20,3.4,22,3.32,23,3.28,24,3.43,8,3.46,9,Tepat,,,,,,,,,,,,,,,,,,,,,,
290,160411100151,3.08,19,3.02,22,3.06,20,3.16,20,3.19,23,3.22,23,3.24,10,3.13,12,Tidak Tepat,,,,,,,,,,,,,,,,,,,,,,
291,160411100152,3.84,19,3.67,22,3.68,20,3.61,20,3.65,23,3.63,24,3.59,10,3.51,17,Tidak Tepat,,,,,,,,,,,,,,,,,,,,,,
292,160411100153,3.5,19,3.63,22,3.69,20,3.67,20,3.71,23,3.7,24,3.78,8,3.78,14,Tepat,,,,,,,,,,,,,,,,,,,,,,
293,160411100154,2.95,19,3.24,20,3.16,20,3.2,22,3.2,23,3.17,24,3.24,11,3.34,11,Tepat,,,,,,,,,,,,,,,,,,,,,,
294,160411100155,3.16,19,3.04,22,3.03,20,3.2,17,3.1,23,3.07,21,3.09,16,3.19,12,Tepat,,,,,,,,,,,,,,,,,,,,,,
295,160411100156,2.84,19,2.37,20,2.4,14,2.97,10,3.07,16,2.63,20,2.59,11,3.01,6,Tidak Tepat,,,,,,,,,,,,,,,,,,,,,,
296,160411100157,3.63,19,3.63,22,3.62,23,3.66,22,3.57,20,3.55,24,3.63,8,3.7,9,Tepat,,,,,,,,,,,,,,,,,,,,,,
297,160411100158,3.24,19,3.4,22,3.4,0,3.4,0,3.4,0,3.4,0,3.4,0,3.4,0,Tidak Tepat,,,,,,,,,,,,,,,,,,,,,,
298,160411100159,2.47,19,2.16,18,2.38,9,2.57,10,2.42,9,2.6,4,2.72,13,2.79,18,Tidak Tepat,,,,,,,,,,,,,,,,,,,,,,
299,160411100160,2.61,19,2.61,0,2.61,0,2.61,0,2.61,0,2.61,0,2.61,0,2.61,0,Tidak Tepat,,,,,,,,,,,,,,,,,,,,,,
300,160411100161,3.24,19,3.38,22,3.42,20,3.31,20,3.25,23,3.23,20,3.16,13,3.05,12,Tidak Tepat,,,,,,,,,,,,,,,,,,,,,,
301,160411100162,2.87,19,2.65,20,2.68,17,3.16,11,3.14,20,2.93,20,2.92,11,3.05,14,Tidak Tepat,,,,,,,,,,,,,,,,,,,,,,
302,160411100163,1.82,19,1.77,14,1.63,3,1.46,4,1.36,3,1.36,0,1.45,0,1.45,0,Tidak Tepat,,,,,,,,,,,,,,,,,,,,,,
303,160411100164,3.58,19,3.34,22,3.31,20,3.35,22,3.24,23,3.26,19,3.26,10,3.28,8,Tidak Tepat,,,,,,,,,,,,,,,,,,,,,,
304,160411100165,0.0,19,0.0,0,0.0,0,0.0,0,0.0,0,0.0,0,0.0,0,0.0,0,Tidak Tepat,,,,,,,,,,,,,,,,,,,,,,
305,160411100166,3.18,19,3.04,22,2.98,20,3.09,20,2.95,21,2.93,18,3.02,15,2.89,20,Tidak Tepat,,,,,,,,,,,,,,,,,,,,,,
306,160411100167,2.5,19,2.33,20,2.45,17,2.75,17,2.88,20,2.8,17,2.93,15,2.98,14,Tidak Tepat,,,,,,,,,,,,,,,,,,,,,,
307,160411100168,3.13,19,3.06,22,2.99,20,3.16,18,3.26,17,3.18,14,3.2,17,3.22,14,Tidak Tepat,,,,,,,,,,,,,,,,,,,,,,
308,160411100169,3.24,19,3.49,22,3.55,23,3.59,22,3.59,20,3.54,24,3.41,17,3.63,0,Tepat,,,,,,,,,,,,,,,,,,,,,,
309,160411100170,3.21,19,3.33,22,3.35,23,3.44,22,3.4,20,3.33,24,3.33,0,3.33,0,Tidak Tepat,,,,,,,,,,,,,,,,,,,,,,
310,160411100171,2.45,19,2.28,18,2.43,12,2.69,14,2.72,9,2.81,12,2.89,12,2.84,16,Tidak Tepat,,,,,,,,,,,,,,,,,,,,,,
311,160411100172,2.92,19,3.15,20,3.19,20,3.23,22,3.25,20,3.15,23,3.12,13,3.07,12,Tidak Tepat,,,,,,,,,,,,,,,,,,,,,,
312,160411100173,3.34,19,2.74,22,2.78,17,2.99,18,2.93,17,2.74,13,2.8,5,3.0,13,Tidak Tepat,,,,,,,,,,,,,,,,,,,,,,
313,160411100174,2.89,19,2.85,20,2.89,20,3.06,17,2.94,23,2.99,19,3.02,13,2.92,18,Tidak Tepat,,,,,,,,,,,,,,,,,,,,,,
314,160411100175,2.87,19,3.01,18,3.11,12,3.17,19,3.19,19,3.19,19,3.18,20,3.15,15,Tidak Tepat,,,,,,,,,,,,,,,,,,,,,,
315,160411100176,3.03,19,2.79,22,2.66,20,2.91,15,2.91,0,2.92,6,2.75,13,2.75,7,Tidak Tepat,,,,,,,,,,,,,,,,,,,,,,
316,160411100177,2.66,19,2.53,20,2.75,17,2.84,22,2.74,21,2.73,16,2.81,15,2.98,13,Tidak Tepat,,,,,,,,,,,,,,,,,,,,,,
317,160411100178,3.21,19,3.15,22,3.22,20,3.08,22,2.97,20,3.05,12,3.07,13,2.97,12,Tidak Tepat,,,,,,,,,,,,,,,,,,,,,,
318,160411100179,2.82,19,2.76,20,3.0,20,3.14,19,2.92,21,2.9,18,2.97,12,2.95,14,Tidak Tepat,,,,,,,,,,,,,,,,,,,,,,
319,160411100180,3.13,19,2.63,22,2.61,17,2.73,13,2.39,18,2.28,7,2.44,0,2.55,3,Tidak Tepat,,,,,,,,,,,,,,,,,,,,,,
320,160411100181,2.92,19,3.1,20,3.06,20,3.05,20,3.11,20,3.17,20,3.17,16,3.07,14,Tidak Tepat,,,,,,,,,,,,,,,,,,,,,,
321,160411100182,3.03,19,3.07,22,3.06,23,3.15,22,3.27,20,3.26,24,3.21,17,3.38,0,Tepat,,,,,,,,,,,,,,,,,,,,,,
322,160411100183,2.74,19,2.71,20,2.82,20,2.99,19,2.87,23,2.84,18,2.87,10,2.87,0,Tidak Tepat,,,,,,,,,,,,,,,,,,,,,,
323,160411100184,3.39,19,3.4,22,3.4,20,2.75,20,2.75,0,2.75,0,2.75,0,2.75,0,Tidak Tepat,,,,,,,,,,,,,,,,,,,,,,
324,160411100185,2.45,19,2.36,18,2.75,9,3.02,14,2.8,22,2.91,18,3.07,15,3.02,18,Tidak Tepat,,,,,,,,,,,,,,,,,,,,,,
325,160411100186,3.13,19,2.93,22,2.84,20,2.81,20,2.6,16,2.57,10,2.72,9,2.8,10,Tidak Tepat,,,,,,,,,,,,,,,,,,,,,,
326,160411100187,3.24,19,3.55,22,3.66,23,3.71,22,3.72,20,3.7,24,3.5,16,3.55,3,Tidak Tepat,,,,,,,,,,,,,,,,,,,,,,
327,160411200188,3.09,99,3.19,21,3.11,18,3.14,9,3.14,0,3.31,0,0.0,0,0.0,0,Tepat,,,,,,,,,,,,,,,,,,,,,,
328,160411200189,2.96,113,2.94,22,3.03,12,3.03,0,0.0,0,0.0,0,0.0,0,0.0,0,Tidak Tepat,,,,,,,,,,,,,,,,,,,,,,
329,160411200190,3.27,108,3.22,24,3.28,12,3.28,0,0.0,0,0.0,0,0.0,0,0.0,0,Tidak Tepat,,,,,,,,,,,,,,,,,,,,,,
330,160411200191,3.44,108,3.47,24,3.52,12,3.52,0,0.0,0,0.0,0,0.0,0,0.0,0,Tidak Tepat,,,,,,,,,,,,,,,,,,,,,,
331,160411200192,3.87,108,3.86,24,3.87,12,3.87,0,0.0,0,0.0,0,0.0,0,0.0,0,Tidak Tepat,,,,,,,,,,,,,,,,,,,,,,
332,160411200193,3.91,108,3.89,24,3.9,12,3.9,0,0.0,0,0.0,0,0.0,0,0.0,0,Tidak Tepat,,,,,,,,,,,,,,,,,,,,,,
333,170411100001,3.25,20,3.21,22,3.24,23,3.23,22,3.22,20,3.33,24,3.35,11,3.26,9,Tidak Tepat,,,,,,,,,,,,,,,,,,,,,,
334,170411100002,3.43,20,3.31,22,3.24,22,3.16,22,3.22,21,3.31,23,3.15,17,3.15,0,Tidak Tepat,,,,,,,,,,,,,,,,,,,,,,
335,170411100003,3.48,20,3.27,22,3.23,23,3.32,22,3.38,20,3.48,24,3.34,14,3.34,0,Tidak Tepat,,,,,,,,,,,,,,,,,,,,,,
336,170411100004,3.48,20,3.42,22,3.38,23,3.3,22,3.37,20,3.43,24,3.29,14,3.29,0,Tidak Tepat,,,,,,,,,,,,,,,,,,,,,,
337,170411100005,3.2,20,3.13,22,3.23,18,3.34,10,3.41,18,3.46,21,3.46,23,3.32,16,Tidak Tepat,,,,,,,,,,,,,,,,,,,,,,
338,170411100006,3.35,20,3.25,22,3.35,22,3.28,22,3.32,21,3.39,21,3.27,17,3.27,0,Tidak Tepat,,,,,,,,,,,,,,,,,,,,,,
339,170411100007,3.4,20,3.19,22,3.24,23,3.18,22,3.19,20,3.31,24,3.18,14,3.18,0,Tidak Tepat,,,,,,,,,,,,,,,,,,,,,,
340,170411100008,2.88,20,2.73,20,2.7,12,2.89,14,2.85,22,2.96,21,3.08,19,3.0,20,Tidak Tepat,,,,,,,,,,,,,,,,,,,,,,
341,170411100009,3.35,20,3.44,22,3.45,23,3.43,22,3.47,23,3.5,24,3.37,14,3.37,0,Tidak Tepat,,,,,,,,,,,,,,,,,,,,,,
342,170411100010,3.55,20,3.44,22,3.59,20,3.55,20,3.6,21,3.6,0,3.6,0,3.6,0,Tidak Tepat,,,,,,,,,,,,,,,,,,,,,,
343,170411100011,3.63,20,3.45,22,3.38,23,3.41,22,3.47,20,3.53,24,3.38,14,3.38,0,Tidak Tepat,,,,,,,,,,,,,,,,,,,,,,
344,170411100012,0.1,20,0.1,0,0.1,0,0.1,0,0.1,0,0.1,0,0.0,0,0.0,0,Tidak Tepat,,,,,,,,,,,,,,,,,,,,,,
345,170411100013,2.9,20,2.8,20,3.12,11,3.3,14,3.22,20,3.28,21,3.39,19,3.29,20,Tidak Tepat,,,,,,,,,,,,,,,,,,,,,,
346,170411100014,3.28,20,3.3,22,3.38,22,3.32,22,3.36,21,3.43,21,3.3,17,3.3,0,Tidak Tepat,,,,,,,,,,,,,,,,,,,,,,
347,170411100015,3.1,20,2.81,22,2.78,20,2.77,17,2.81,15,3.0,21,3.06,21,2.94,9,Tidak Tepat,,,,,,,,,,,,,,,,,,,,,,
348,170411100016,3.45,20,3.45,0,3.45,0,3.45,0,3.45,0,3.45,0,0.0,0,0.0,0,Tidak Tepat,,,,,,,,,,,,,,,,,,,,,,
349,170411100017,3.03,20,2.76,22,2.9,20,3.05,20,3.18,23,3.28,23,3.15,17,3.15,0,Tidak Tepat,,,,,,,,,,,,,,,,,,,,,,
350,170411100018,3.05,20,2.89,22,2.96,15,2.96,10,3.05,18,3.09,21,3.09,23,3.07,16,Tidak Tepat,,,,,,,,,,,,,,,,,,,,,,
351,170411100019,3.63,20,3.57,22,2.46,23,2.46,0,2.46,0,2.46,0,0.0,0,0.0,0,Tidak Tepat,,,,,,,,,,,,,,,,,,,,,,
352,170411100020,3.0,20,2.89,22,3.02,20,2.79,22,2.63,18,2.77,12,2.89,15,2.96,13,Tidak Tepat,,,,,,,,,,,,,,,,,,,,,,
353,170411100021,3.03,20,3.29,20,3.38,14,3.4,14,3.44,17,3.48,22,3.51,22,3.38,16,Tidak Tepat,,,,,,,,,,,,,,,,,,,,,,
354,170411100022,3.43,20,3.1,22,2.81,18,2.81,0,2.81,0,2.81,0,0.0,0,0.0,0,Tidak Tepat,,,,,,,,,,,,,,,,,,,,,,
355,170411100023,3.48,20,3.52,22,3.48,23,3.46,22,3.49,20,3.5,24,3.42,14,3.42,0,Tidak Tepat,,,,,,,,,,,,,,,,,,,,,,
356,170411100024,3.65,20,3.79,22,3.75,23,3.76,22,3.7,20,3.65,21,3.48,17,3.54,0,Tidak Tepat,,,,,,,,,,,,,,,,,,,,,,
357,170411100025,3.08,20,3.12,22,3.17,16,3.32,10,3.44,17,3.53,24,3.52,20,3.37,16,Tidak Tepat,,,,,,,,,,,,,,,,,,,,,,
358,170411100026,3.33,20,3.12,22,3.11,18,3.28,10,3.25,15,3.39,24,3.38,20,3.27,16,Tidak Tepat,,,,,,,,,,,,,,,,,,,,,,
359,170411100027,3.93,20,3.7,22,3.63,23,3.49,20,3.55,20,3.58,23,3.38,17,3.38,0,Tidak Tepat,,,,,,,,,,,,,,,,,,,,,,
360,170411100028,3.3,20,3.3,22,3.22,23,3.13,22,3.2,20,3.32,24,3.18,17,3.18,0,Tidak Tepat,,,,,,,,,,,,,,,,,,,,,,
361,170411100029,3.38,20,3.14,22,3.17,20,3.21,22,3.27,20,3.32,24,3.19,17,3.19,0,Tidak Tepat,,,,,,,,,,,,,,,,,,,,,,
362,170411100030,3.43,20,2.13,22,1.9,12,2.53,0,2.92,13,3.02,14,2.86,20,2.9,22,Tidak Tepat,,,,,,,,,,,,,,,,,,,,,,
363,170411100031,3.75,20,3.51,22,3.54,23,3.52,22,3.5,20,3.52,21,3.35,17,3.34,6,Tidak Tepat,,,,,,,,,,,,,,,,,,,,,,
364,170411100032,3.15,20,3.05,20,3.17,11,3.18,14,3.2,20,3.15,22,3.11,19,3.02,22,Tidak Tepat,,,,,,,,,,,,,,,,,,,,,,
365,170411100033,2.85,20,2.95,20,3.06,11,3.17,14,3.11,20,3.17,21,3.26,16,3.17,20,Tidak Tepat,,,,,,,,,,,,,,,,,,,,,,
366,170411100034,3.25,20,2.87,22,2.87,18,2.86,10,2.99,15,3.12,21,3.2,20,3.09,19,Tidak Tepat,,,,,,,,,,,,,,,,,,,,,,
367,170411100035,3.78,20,3.55,22,3.54,23,3.48,22,3.56,20,3.57,24,3.44,14,3.44,0,Tidak Tepat,,,,,,,,,,,,,,,,,,,,,,
368,170411100036,3.3,20,3.5,20,3.57,14,3.53,14,3.49,20,3.5,22,3.49,22,3.38,16,Tidak Tepat,,,,,,,,,,,,,,,,,,,,,,
369,170411100037,3.03,20,2.61,22,2.66,13,2.63,7,2.74,10,2.71,3,2.43,12,2.35,8,Tidak Tepat,,,,,,,,,,,,,,,,,,,,,,
370,170411100038,3.78,20,3.62,22,3.69,20,3.62,20,3.61,21,3.66,20,3.68,16,3.52,6,Tidak Tepat,,,,,,,,,,,,,,,,,,,,,,
371,170411100039,3.6,20,3.36,22,3.4,18,3.47,10,3.52,15,3.55,24,3.53,20,3.42,16,Tidak Tepat,,,,,,,,,,,,,,,,,,,,,,
372,170411100040,3.25,20,3.16,20,3.31,11,3.12,14,3.12,17,3.04,22,3.04,20,2.91,19,Tidak Tepat,,,,,,,,,,,,,,,,,,,,,,
373,170411100041,3.08,20,2.79,22,2.68,15,2.78,10,2.8,6,3.02,9,3.26,18,3.3,20,Tidak Tepat,,,,,,,,,,,,,,,,,,,,,,
374,170411100042,3.5,20,3.25,22,3.42,23,3.43,22,2.99,20,2.99,0,2.99,0,2.99,0,Tidak Tepat,,,,,,,,,,,,,,,,,,,,,,
375,170411100043,3.6,20,3.52,22,3.52,0,3.52,0,3.52,0,3.52,0,0.0,0,0.0,0,Tidak Tepat,,,,,,,,,,,,,,,,,,,,,,
376,170411100044,3.1,20,2.86,20,2.91,11,3.02,14,3.01,20,2.79,19,2.85,9,2.8,9,Tidak Tepat,,,,,,,,,,,,,,,,,,,,,,
377,170411100045,3.38,20,3.26,22,3.29,23,3.37,22,3.48,20,3.42,24,3.44,14,3.31,6,Tidak Tepat,,,,,,,,,,,,,,,,,,,,,,
378,170411100046,3.68,20,3.51,22,3.49,23,3.47,22,3.49,20,3.49,24,3.51,11,3.37,6,Tidak Tepat,,,,,,,,,,,,,,,,,,,,,,
379,170411100047,2.1,20,2.1,0,2.1,0,2.1,0,2.1,0,2.1,0,0.0,0,0.0,0,Tidak Tepat,,,,,,,,,,,,,,,,,,,,,,
380,170411100048,3.4,20,3.07,22,3.1,20,3.1,20,3.14,20,3.24,18,3.17,16,3.05,9,Tidak Tepat,,,,,,,,,,,,,,,,,,,,,,
381,170411100049,3.78,20,3.8,22,3.82,23,3.75,22,3.76,23,3.74,24,3.64,14,3.8,0,Tepat,,,,,,,,,,,,,,,,,,,,,,
382,170411100050,3.53,20,3.05,22,2.59,16,2.52,4,2.83,0,3.13,6,3.21,18,3.22,21,Tidak Tepat,,,,,,,,,,,,,,,,,,,,,,
383,170411100051,3.88,20,3.46,22,3.5,23,3.42,22,3.53,20,3.54,24,3.58,14,3.6,6,Tepat,,,,,,,,,,,,,,,,,,,,,,
384,170411100052,3.2,20,2.93,22,2.76,20,2.47,11,2.77,6,3.28,12,3.21,23,3.26,20,Tidak Tepat,,,,,,,,,,,,,,,,,,,,,,
385,170411100053,3.4,20,3.39,22,3.45,23,3.57,22,3.61,20,3.68,24,3.53,17,3.69,0,Tepat,,,,,,,,,,,,,,,,,,,,,,
386,170411100054,3.38,20,3.06,22,3.13,20,2.98,22,2.99,21,3.12,21,3.14,13,3.01,6,Tidak Tepat,,,,,,,,,,,,,,,,,,,,,,
387,170411100055,3.75,20,3.42,22,3.43,18,3.5,10,3.54,15,3.54,21,3.54,23,3.41,16,Tidak Tepat,,,,,,,,,,,,,,,,,,,,,,
388,170411100056,3.1,20,2.9,20,2.54,11,2.54,0,2.54,0,2.54,0,0.0,0,0.0,0,Tidak Tepat,,,,,,,,,,,,,,,,,,,,,,
389,170411100057,3.53,20,3.55,22,3.55,23,3.55,22,3.57,20,3.64,24,3.51,17,3.67,0,Tepat,,,,,,,,,,,,,,,,,,,,,,
390,170411100058,3.18,20,2.83,22,2.98,20,2.99,20,3.12,21,3.28,23,3.31,16,3.17,6,Tidak Tepat,,,,,,,,,,,,,,,,,,,,,,
391,170411100059,3.55,20,2.5,22,2.5,0,2.5,0,2.5,0,2.5,0,0.0,0,0.0,0,Tidak Tepat,,,,,,,,,,,,,,,,,,,,,,
392,170411100060,3.8,20,3.63,22,3.65,23,3.4,22,3.37,20,3.45,21,3.22,17,3.27,0,Tidak Tepat,,,,,,,,,,,,,,,,,,,,,,
393,170411100061,3.8,20,3.81,22,3.88,23,3.9,22,3.89,23,3.83,24,3.74,14,3.74,0,Tidak Tepat,,,,,,,,,,,,,,,,,,,,,,
394,170411100062,3.6,20,3.24,22,3.34,20,3.28,19,3.29,21,3.39,21,3.42,16,3.28,6,Tidak Tepat,,,,,,,,,,,,,,,,,,,,,,
395,170411100063,3.73,20,3.15,22,3.15,0,3.15,0,3.15,0,3.15,0,0.0,0,0.0,0,Tidak Tepat,,,,,,,,,,,,,,,,,,,,,,
396,170411100064,2.95,20,3.11,20,3.06,23,3.05,20,3.18,20,3.2,22,3.16,20,3.16,0,Tidak Tepat,,,,,,,,,,,,,,,,,,,,,,
397,170411100065,3.2,20,2.82,22,3.03,15,3.11,10,3.23,21,3.23,24,3.29,20,3.18,16,Tidak Tepat,,,,,,,,,,,,,,,,,,,,,,
398,170411100066,3.5,20,3.1,22,3.22,18,3.31,10,3.38,15,3.49,21,3.54,23,3.39,16,Tidak Tepat,,,,,,,,,,,,,,,,,,,,,,
399,170411100067,3.7,20,3.52,22,3.42,23,3.39,22,3.44,20,3.52,24,3.36,14,3.36,0,Tidak Tepat,,,,,,,,,,,,,,,,,,,,,,
400,170411100068,2.75,20,2.84,20,2.23,11,2.23,0,2.23,0,2.23,0,0.0,0,0.0,0,Tidak Tepat,,,,,,,,,,,,,,,,,,,,,,
401,170411100069,0.95,20,0.95,0,0.95,0,0.95,0,0.95,0,0.95,0,0.0,0,0.0,0,Tidak Tepat,,,,,,,,,,,,,,,,,,,,,,
402,170411100070,3.25,20,2.5,22,2.45,13,2.85,7,2.77,3,2.77,0,2.77,0,2.77,0,Tidak Tepat,,,,,,,,,,,,,,,,,,,,,,
403,170411100071,3.85,20,3.64,22,3.75,23,3.62,22,3.66,20,3.69,24,3.53,14,3.53,0,Tidak Tepat,,,,,,,,,,,,,,,,,,,,,,
404,170411100072,2.28,20,1.98,11,2.21,8,2.7,11,2.62,20,2.46,17,2.39,12,2.43,11,Tidak Tepat,,,,,,,,,,,,,,,,,,,,,,
405,170411100073,3.38,20,2.92,22,2.17,20,2.17,0,2.17,0,2.17,0,0.0,0,0.0,0,Tidak Tepat,,,,,,,,,,,,,,,,,,,,,,
406,170411100074,3.8,20,3.45,22,3.5,23,3.51,22,3.52,18,3.57,24,3.57,10,3.42,6,Tidak Tepat,,,,,,,,,,,,,,,,,,,,,,
407,170411100075,3.35,20,3.33,22,3.31,23,3.33,22,3.4,20,3.47,24,3.32,14,3.32,0,Tidak Tepat,,,,,,,,,,,,,,,,,,,,,,
408,170411100076,0.1,20,0.1,0,0.1,0,0.1,0,0.1,0,0.1,0,0.0,0,0.0,0,Tidak Tepat,,,,,,,,,,,,,,,,,,,,,,
409,170411100077,3.03,20,3.33,20,3.41,14,3.34,14,3.34,17,3.35,22,3.38,22,3.27,16,Tidak Tepat,,,,,,,,,,,,,,,,,,,,,,
410,170411100078,3.48,20,3.26,22,3.18,23,2.63,20,2.59,10,2.88,6,2.72,14,2.83,6,Tidak Tepat,,,,,,,,,,,,,,,,,,,,,,
411,170411100079,3.45,20,1.79,22,1.79,0,1.79,0,1.79,0,1.79,0,0.0,0,0.0,0,Tidak Tepat,,,,,,,,,,,,,,,,,,,,,,
412,170411100080,3.53,20,3.44,22,3.42,23,3.36,22,3.39,20,3.45,24,3.31,17,3.47,0,Tepat,,,,,,,,,,,,,,,,,,,,,,
413,170411100081,3.03,20,2.86,22,2.44,20,2.47,10,2.93,8,2.86,24,2.77,21,2.71,11,Tidak Tepat,,,,,,,,,,,,,,,,,,,,,,
414,170411100082,3.45,20,3.43,22,3.4,20,3.27,20,3.27,21,3.31,20,3.38,16,3.24,6,Tidak Tepat,,,,,,,,,,,,,,,,,,,,,,
415,170411100083,3.35,20,3.07,22,3.22,20,3.09,20,3.16,18,3.23,23,3.29,19,3.16,6,Tidak Tepat,,,,,,,,,,,,,,,,,,,,,,
416,170411100084,3.0,20,2.8,20,2.94,9,2.83,14,2.87,12,2.95,9,3.07,20,3.01,21,Tidak Tepat,,,,,,,,,,,,,,,,,,,,,,
417,170411100085,2.98,20,2.86,20,2.92,13,3.2,12,3.18,20,2.97,22,3.03,18,3.12,14,Tidak Tepat,,,,,,,,,,,,,,,,,,,,,,
418,170411100086,3.48,20,3.17,22,3.19,20,3.05,22,3.02,21,3.09,21,3.21,12,3.09,10,Tidak Tepat,,,,,,,,,,,,,,,,,,,,,,
419,170411100087,3.3,20,2.96,22,3.04,20,3.02,20,3.05,20,3.03,20,3.07,17,3.06,6,Tidak Tepat,,,,,,,,,,,,,,,,,,,,,,
420,170411100088,2.95,20,2.55,20,2.69,17,2.96,16,2.88,23,2.88,19,2.78,16,2.68,11,Tidak Tepat,,,,,,,,,,,,,,,,,,,,,,
421,170411100089,3.25,20,3.23,22,3.32,23,3.41,22,3.46,20,3.55,24,3.41,17,3.57,0,Tepat,,,,,,,,,,,,,,,,,,,,,,
422,170411100090,3.25,20,2.81,22,3.04,13,3.01,10,3.06,18,3.14,21,3.26,22,3.16,19,Tidak Tepat,,,,,,,,,,,,,,,,,,,,,,
423,170411100091,3.38,20,2.92,22,3.08,20,3.07,20,3.13,21,3.12,20,3.07,19,3.08,3,Tidak Tepat,,,,,,,,,,,,,,,,,,,,,,
424,170411100092,0.1,20,0.1,0,0.1,0,0.1,0,0.1,0,0.1,0,0.0,0,0.0,0,Tidak Tepat,,,,,,,,,,,,,,,,,,,,,,
425,170411100093,3.2,20,3.5,20,3.84,14,3.82,14,3.81,17,3.82,22,3.82,22,3.68,19,Tidak Tepat,,,,,,,,,,,,,,,,,,,,,,
426,170411100094,3.1,20,2.45,20,2.36,13,2.61,4,2.79,11,3.01,9,2.97,17,2.95,23,Tidak Tepat,,,,,,,,,,,,,,,,,,,,,,
427,170411100095,3.38,20,3.0,22,3.01,20,2.45,22,2.42,11,2.62,5,2.76,8,2.91,17,Tidak Tepat,,,,,,,,,,,,,,,,,,,,,,
428,170411100096,2.93,20,3.15,20,3.12,15,2.79,14,2.84,11,3.0,10,2.86,21,2.88,21,Tidak Tepat,,,,,,,,,,,,,,,,,,,,,,
429,170411100097,3.45,20,1.86,22,2.23,10,3.43,3,3.3,24,3.4,23,3.42,23,3.43,23,Tepat,,,,,,,,,,,,,,,,,,,,,,
430,170411100098,3.15,20,2.19,22,2.19,0,2.04,3,2.04,0,2.04,0,2.04,0,2.04,0,Tidak Tepat,,,,,,,,,,,,,,,,,,,,,,
431,170411100099,3.68,20,3.6,22,3.71,23,3.67,22,3.67,20,3.64,24,3.53,14,3.53,0,Tidak Tepat,,,,,,,,,,,,,,,,,,,,,,
432,170411100100,3.1,20,2.75,22,2.59,13,2.54,10,2.71,10,2.89,13,2.67,23,2.82,20,Tidak Tepat,,,,,,,,,,,,,,,,,,,,,,
433,170411100101,2.85,20,3.16,18,3.31,14,3.33,14,3.36,17,3.4,22,3.44,22,3.31,18,Tidak Tepat,,,,,,,,,,,,,,,,,,,,,,
434,170411100102,0.1,20,0.1,0,0.1,0,0.1,0,0.1,0,0.1,0,0.0,0,0.0,0,Tidak Tepat,,,,,,,,,,,,,,,,,,,,,,
435,170411100103,3.13,20,2.85,22,2.79,18,2.76,10,2.73,12,2.8,7,2.96,14,3.07,20,Tidak Tepat,,,,,,,,,,,,,,,,,,,,,,
436,170411100104,2.8,20,2.74,18,2.94,9,3.2,11,2.99,22,2.98,18,3.09,14,3.1,21,Tidak Tepat,,,,,,,,,,,,,,,,,,,,,,
437,170411100105,3.1,20,3.0,22,2.96,20,2.99,20,3.13,20,3.14,23,3.08,20,3.24,0,Tepat,,,,,,,,,,,,,,,,,,,,,,
438,170411100106,3.28,20,3.11,18,3.27,9,3.27,14,3.22,20,3.28,19,3.27,24,3.3,15,Tidak Tepat,,,,,,,,,,,,,,,,,,,,,,
439,170411100107,3.5,20,3.2,22,3.25,20,3.28,20,3.3,23,3.25,23,3.1,17,3.16,0,Tidak Tepat,,,,,,,,,,,,,,,,,,,,,,
440,170411100108,2.9,20,1.98,20,2.21,6,2.61,8,2.21,15,2.21,0,2.2,2,2.2,0,Tidak Tepat,,,,,,,,,,,,,,,,,,,,,,
441,170411100109,0.55,20,0.55,0,0.55,0,0.55,0,0.55,0,0.55,0,0.0,0,0.0,0,Tidak Tepat,,,,,,,,,,,,,,,,,,,,,,
442,170411100110,3.5,20,2.67,22,2.67,0,2.67,0,2.67,0,2.67,0,0.0,0,0.0,0,Tidak Tepat,,,,,,,,,,,,,,,,,,,,,,
443,170411100111,3.13,20,2.82,22,2.82,13,2.86,10,2.83,18,2.86,16,2.85,17,2.92,20,Tidak Tepat,,,,,,,,,,,,,,,,,,,,,,
444,170411100112,2.95,20,2.89,18,3.06,11,3.1,14,2.88,20,2.63,16,2.67,5,2.97,5,Tidak Tepat,,,,,,,,,,,,,,,,,,,,,,
445,170411100113,2.95,20,3.07,18,3.21,11,3.17,14,3.11,20,3.11,19,3.03,22,2.93,17,Tidak Tepat,,,,,,,,,,,,,,,,,,,,,,
446,170411100114,2.98,20,2.73,20,2.7,16,2.84,12,2.91,17,2.91,24,2.96,21,2.98,12,Tidak Tepat,,,,,,,,,,,,,,,,,,,,,,
447,170411100115,3.33,20,2.99,22,2.95,20,2.97,17,2.99,20,3.14,21,3.17,16,3.12,9,Tidak Tepat,,,,,,,,,,,,,,,,,,,,,,
448,170411100116,3.15,20,3.19,22,3.15,23,3.06,22,3.11,20,3.22,24,3.07,17,3.07,0,Tidak Tepat,,,,,,,,,,,,,,,,,,,,,,
449,170411100117,0.1,20,0.1,0,0.1,0,0.1,0,0.1,0,0.1,0,0.0,0,0.0,0,Tidak Tepat,,,,,,,,,,,,,,,,,,,,,,
450,170411100118,3.33,20,3.15,22,3.18,23,3.03,22,3.09,20,3.26,24,3.09,14,3.13,0,Tidak Tepat,,,,,,,,,,,,,,,,,,,,,,
451,170411100119,3.8,20,3.5,22,3.54,23,3.5,22,3.52,20,3.55,24,3.46,14,3.46,0,Tidak Tepat,,,,,,,,,,,,,,,,,,,,,,
452,170411100120,3.4,20,3.57,22,3.68,23,3.67,22,3.68,20,3.7,24,3.55,17,3.71,0,Tepat,,,,,,,,,,,,,,,,,,,,,,
453,170411100121,3.0,20,2.56,22,2.68,16,2.55,10,2.63,7,2.68,0,2.6,12,2.4,13,Tidak Tepat,,,,,,,,,,,,,,,,,,,,,,
454,170411100122,3.13,20,2.99,22,3.22,20,2.98,22,2.94,18,2.87,18,2.96,16,2.82,12,Tidak Tepat,,,,,,,,,,,,,,,,,,,,,,
455,170411100123,3.33,20,2.49,22,2.55,13,2.82,10,2.8,18,2.8,15,2.61,16,2.66,9,Tidak Tepat,,,,,,,,,,,,,,,,,,,,,,
456,170411100124,2.35,20,2.16,11,2.62,3,2.13,17,2.02,10,1.9,4,1.67,10,1.66,7,Tidak Tepat,,,,,,,,,,,,,,,,,,,,,,
457,170411100125,3.23,20,2.77,22,2.83,13,2.92,10,2.94,18,2.82,21,2.9,16,2.93,11,Tidak Tepat,,,,,,,,,,,,,,,,,,,,,,
458,170411200126,3.31,108,3.34,24,3.14,12,3.16,6,3.19,6,0.0,0,0.0,0,0.0,0,Tepat,,,,,,,,,,,,,,,,,,,,,,
459,170411200127,3.09,102,3.11,21,2.93,19,2.99,2,3.01,6,0.0,0,0.0,0,0.0,0,Tidak Tepat,,,,,,,,,,,,,,,,,,,,,,
460,170411200128,2.97,102,3.0,21,2.89,19,3.05,5,0.0,0,0.0,0,0.0,0,0.0,0,Tepat,,,,,,,,,,,,,,,,,,,,,,
461,170411200129,3.33,102,3.31,21,3.13,19,3.13,5,3.17,6,0.0,0,0.0,0,0.0,0,Tepat,,,,,,,,,,,,,,,,,,,,,,
462,170411200130,3.57,21,3.67,22,3.64,12,0.0,0,0.0,0,0.0,0,0.0,0,0.0,0,Tepat,,,,,,,,,,,,,,,,,,,,,,
463,170411200131,3.0,110,3.09,22,2.91,12,2.92,3,2.8,6,2.8,0,2.8,0,2.8,0,Tidak Tepat,,,,,,,,,,,,,,,,,,,,,,
464,170411200132,3.06,110,3.14,22,2.97,12,2.98,3,2.98,0,2.98,0,2.98,0,3.1,0,Tepat,,,,,,,,,,,,,,,,,,,,,,
465,170411200133,3.58,110,3.61,22,3.35,12,3.53,3,0.0,0,0.0,0,0.0,0,0.0,0,Tepat,,,,,,,,,,,,,,,,,,,,,,
466,170411200134,3.52,110,3.53,22,3.32,12,3.43,3,0.0,0,0.0,0,0.0,0,0.0,0,Tepat,,,,,,,,,,,,,,,,,,,,,,
467,170411200135,3.25,110,3.34,22,3.15,12,3.31,3,0.0,0,0.0,0,0.0,0,0.0,0,Tepat,,,,,,,,,,,,,,,,,,,,,,
468,170411200136,3.6,110,3.63,22,3.37,12,3.37,0,3.37,0,3.37,0,0.0,0,0.0,0,Tidak Tepat,,,,,,,,,,,,,,,,,,,,,,
469,170411200137,3.43,21,3.57,22,3.5,12,0.0,0,0.0,0,0.0,0,0.0,0,0.0,0,Tepat,,,,,,,,,,,,,,,,,,,,,,
470,170411200138,3.16,110,3.2,22,3.01,12,3.03,6,3.07,6,0.0,0,0.0,0,0.0,0,Tepat,,,,,,,,,,,,,,,,,,,,,,
471,170411200139,2.99,110,3.08,22,2.9,12,2.93,6,2.97,6,0.0,0,0.0,0,0.0,0,Tepat,,,,,,,,,,,,,,,,,,,,,,
472,170411200140,2.89,110,2.95,22,2.72,12,2.74,6,2.74,0,2.88,0,0.0,0,0.0,0,Tepat,,,,,,,,,,,,,,,,,,,,,,
473,170411200141,3.33,110,3.41,24,3.13,12,3.14,6,3.03,6,3.03,0,3.03,0,3.03,0,Tidak Tepat,,,,,,,,,,,,,,,,,,,,,,
474,170411200142,3.15,108,3.2,24,2.93,12,2.96,6,2.96,0,2.96,0,2.96,0,3.1,0,Tepat,,,,,,,,,,,,,,,,,,,,,,
475,180411100001,3.65,20,3.52,22,3.54,20,3.5,20,3.52,18,3.53,20,3.36,24,3.4,3,Tidak Tepat,25.0,,,,,,,,,,,,,,,,,,,,,
476,180411100002,3.35,20,3.42,18,3.73,12,3.86,14,3.83,19,3.84,18,3.8,22,3.64,21,Tidak Tepat,351.0,,,,,,,,,,,,,,,,,,,,,
477,180411100003,2.7,20,2.43,15,2.65,6,3.16,7,2.73,14,2.39,9,2.09,10,1.99,4,Tidak Tepat,,,,,,,,,,,,,,,,,,,,,,
478,180411100004,3.68,20,3.54,22,3.55,23,3.6,20,3.62,18,3.6,21,3.61,17,3.46,6,Tidak Tepat,,,,,,,,,,,,,,,,,,,,,,
479,180411100005,3.33,20,3.42,18,3.64,12,3.66,14,3.66,19,3.68,18,3.67,22,3.53,21,Tidak Tepat,,,,,,,,,,,,,,,,,,,,,,
480,180411100006,3.35,20,3.45,22,3.46,23,3.49,20,3.51,21,3.48,20,3.43,18,3.34,6,Tidak Tepat,,,,,,,,,,,,,,,,,,,,,,
481,180411100007,3.03,20,3.05,22,3.25,23,3.32,20,3.35,18,3.33,24,3.22,23,3.38,0,Tepat,,,,,,,,,,,,,,,,,,,,,,
482,180411100008,3.38,20,3.35,22,3.33,23,3.32,20,3.3,18,3.35,21,3.13,23,3.19,0,Tidak Tepat,,,,,,,,,,,,,,,,,,,,,,
483,180411100009,2.2,20,2.04,16,2.19,9,2.29,7,2.22,7,2.08,4,2.08,0,2.08,0,Tidak Tepat,,,,,,,,,,,,,,,,,,,,,,
484,180411100010,2.53,20,2.75,18,2.84,12,2.85,14,2.85,0,2.85,0,2.85,0,0.0,0,Tidak Tepat,,,,,,,,,,,,,,,,,,,,,,
485,180411100011,3.58,20,3.31,22,3.29,23,3.32,20,3.33,20,3.3,24,3.19,20,3.19,0,Tidak Tepat,,,,,,,,,,,,,,,,,,,,,,
486,180411100012,2.88,20,2.68,18,2.97,14,3.13,11,3.03,17,2.95,19,2.8,19,2.81,9,Tidak Tepat,,,,,,,,,,,,,,,,,,,,,,
487,180411100013,3.25,20,2.77,22,2.86,17,3.05,17,3.08,21,2.99,24,3.06,20,2.96,9,Tidak Tepat,,,,,,,,,,,,,,,,,,,,,,
488,180411100014,3.35,20,3.2,22,3.21,13,3.35,10,2.84,15,2.9,6,2.58,19,2.58,0,Tidak Tepat,,,,,,,,,,,,,,,,,,,,,,
489,180411100015,3.08,20,3.14,18,3.33,14,3.27,14,3.26,17,3.21,21,3.12,22,3.0,12,Tidak Tepat,,,,,,,,,,,,,,,,,,,,,,
490,180411100016,3.33,20,2.81,22,2.92,17,3.1,17,3.06,21,3.11,21,3.12,23,2.99,6,Tidak Tepat,,,,,,,,,,,,,,,,,,,,,,
491,180411100017,2.78,20,3.03,20,3.18,23,3.29,22,3.35,18,3.44,18,3.25,23,3.21,6,Tidak Tepat,,,,,,,,,,,,,,,,,,,,,,
492,180411100018,3.4,20,3.19,22,3.38,23,3.46,20,3.5,17,3.56,21,3.39,23,3.39,0,Tidak Tepat,,,,,,,,,,,,,,,,,,,,,,
493,180411100019,3.18,20,3.33,22,3.42,23,3.46,20,3.51,20,3.57,21,3.4,23,3.4,0,Tidak Tepat,,,,,,,,,,,,,,,,,,,,,,
494,180411100020,0.8,20,0.8,0,0.8,0,0.8,0,0.8,0,0.8,0,0.8,0,0.0,0,Tidak Tepat,,,,,,,,,,,,,,,,,,,,,,
495,180411100021,3.1,20,3.17,22,3.09,23,3.16,20,3.09,17,3.07,17,2.9,19,2.84,9,Tidak Tepat,,,,,,,,,,,,,,,,,,,,,,
496,180411100022,3.2,20,2.88,22,3.13,20,3.35,17,3.35,20,3.42,22,3.45,16,3.32,9,Tidak Tepat,,,,,,,,,,,,,,,,,,,,,,
497,180411100023,3.3,20,3.17,22,2.9,23,2.55,17,2.56,8,2.4,6,2.23,12,2.03,11,Tidak Tepat,,,,,,,,,,,,,,,,,,,,,,
498,180411100024,3.58,20,3.33,22,3.32,23,3.45,20,3.44,17,3.53,20,3.4,24,3.4,0,Tidak Tepat,,,,,,,,,,,,,,,,,,,,,,
499,180411100025,3.2,20,3.26,22,3.4,20,3.39,20,3.41,18,3.45,23,3.46,18,3.32,6,Tidak Tepat,,,,,,,,,,,,,,,,,,,,,,
500,180411100026,2.83,20,2.95,20,2.93,20,2.89,20,2.97,21,3.11,24,3.03,23,2.98,11,Tidak Tepat,,,,,,,,,,,,,,,,,,,,,,
501,180411100027,3.2,20,1.68,18,2.14,6,3.6,4,3.56,20,3.44,22,3.29,23,3.37,14,Tidak Tepat,,,,,,,,,,,,,,,,,,,,,,
502,180411100028,3.45,20,3.46,22,3.26,23,2.96,20,2.83,17,2.89,11,2.55,20,2.4,8,Tidak Tepat,,,,,,,,,,,,,,,,,,,,,,
503,180411100029,3.38,20,3.05,22,3.1,13,3.32,6,2.73,18,2.73,0,2.73,0,2.73,0,Tidak Tepat,,,,,,,,,,,,,,,,,,,,,,
504,180411100030,3.53,20,3.32,22,3.44,23,3.51,20,3.52,17,3.58,21,3.42,23,3.42,0,Tidak Tepat,,,,,,,,,,,,,,,,,,,,,,
505,180411100031,3.33,20,3.33,0,3.33,0,3.33,0,3.33,0,3.33,0,3.33,0,0.0,0,Tidak Tepat,,,,,,,,,,,,,,,,,,,,,,
506,180411100032,3.35,20,3.21,22,3.39,20,3.5,20,3.51,20,3.57,24,3.57,14,3.42,6,Tidak Tepat,,,,,,,,,,,,,,,,,,,,,,
507,180411100033,3.53,20,3.15,22,3.32,20,3.45,20,3.45,20,3.44,24,3.45,17,3.32,6,Tidak Tepat,,,,,,,,,,,,,,,,,,,,,,
508,180411100034,3.75,20,3.65,22,3.65,23,3.75,20,3.75,20,3.77,20,3.77,15,3.78,6,Tepat,,,,,,,,,,,,,,,,,,,,,,
509,180411100035,0.7,20,0.7,0,0.7,0,0.7,0,0.7,0,0.7,0,0.7,0,0.0,0,Tidak Tepat,,,,,,,,,,,,,,,,,,,,,,
510,180411100036,3.35,20,3.38,22,3.42,23,3.47,20,3.49,21,3.52,23,3.33,18,3.33,0,Tidak Tepat,,,,,,,,,,,,,,,,,,,,,,
511,180411100037,3.7,20,3.46,22,3.52,23,3.56,20,3.58,20,3.61,21,3.47,23,3.47,0,Tidak Tepat,,,,,,,,,,,,,,,,,,,,,,
512,180411100038,3.5,20,3.21,22,3.33,20,3.43,20,3.46,18,3.48,21,3.34,23,3.34,3,Tidak Tepat,,,,,,,,,,,,,,,,,,,,,,
513,180411100039,3.53,20,3.51,22,3.62,20,3.63,20,3.66,18,3.65,24,3.49,23,3.49,0,Tidak Tepat,,,,,,,,,,,,,,,,,,,,,,
514,180411100040,3.6,20,3.56,22,3.62,23,3.62,20,3.61,21,3.59,23,3.47,21,3.47,0,Tidak Tepat,,,,,,,,,,,,,,,,,,,,,,
515,180411100041,3.03,20,3.21,22,3.35,20,3.4,20,3.42,18,3.51,23,3.37,24,3.37,0,Tidak Tepat,,,,,,,,,,,,,,,,,,,,,,
516,180411100042,0.7,20,0.7,0,0.7,0,0.7,0,0.7,0,0.7,0,0.7,0,0.0,0,Tidak Tepat,,,,,,,,,,,,,,,,,,,,,,
517,180411100043,3.3,20,3.35,22,3.35,20,3.35,20,3.32,18,3.35,20,3.3,24,3.17,6,Tidak Tepat,,,,,,,,,,,,,,,,,,,,,,
518,180411100044,3.48,20,3.51,22,3.43,23,3.47,20,3.49,21,3.5,24,3.3,23,3.36,0,Tidak Tepat,,,,,,,,,,,,,,,,,,,,,,
519,180411100045,2.9,20,3.08,18,3.31,12,3.51,14,3.57,19,3.57,18,3.55,22,3.41,21,Tidak Tepat,,,,,,,,,,,,,,,,,,,,,,
520,180411100046,3.4,20,3.51,22,3.49,20,3.51,20,3.54,20,3.53,20,3.43,24,3.43,0,Tidak Tepat,,,,,,,,,,,,,,,,,,,,,,
521,180411100047,3.2,20,3.21,22,3.12,20,3.19,20,3.16,18,3.13,20,3.09,20,2.91,12,Tidak Tepat,,,,,,,,,,,,,,,,,,,,,,
522,180411100048,3.75,20,3.45,22,3.54,20,3.62,20,3.62,18,3.66,21,3.69,20,3.54,6,Tidak Tepat,,,,,,,,,,,,,,,,,,,,,,
523,180411100049,3.45,20,3.08,22,3.26,20,3.38,20,3.39,20,3.34,20,3.4,18,3.26,6,Tidak Tepat,,,,,,,,,,,,,,,,,,,,,,
524,180411100050,3.33,20,3.2,22,3.25,20,3.31,20,3.34,18,3.35,24,3.25,24,3.24,3,Tidak Tepat,,,,,,,,,,,,,,,,,,,,,,
525,180411100051,3.28,20,3.46,22,3.37,23,3.44,20,3.53,18,3.52,20,3.54,18,3.4,6,Tidak Tepat,,,,,,,,,,,,,,,,,,,,,,
526,180411100052,3.48,20,3.39,22,3.51,20,3.57,20,3.58,18,3.61,23,3.46,24,3.46,0,Tidak Tepat,,,,,,,,,,,,,,,,,,,,,,
527,180411100053,3.63,20,3.46,22,3.37,20,3.46,20,3.51,20,3.55,24,3.41,20,3.41,0,Tidak Tepat,,,,,,,,,,,,,,,,,,,,,,
528,180411100054,3.3,20,2.96,22,3.15,20,3.31,20,3.38,20,3.27,20,3.28,21,3.35,19,Tidak Tepat,,,,,,,,,,,,,,,,,,,,,,
529,180411100055,0.2,20,0.2,0,0.2,0,0.2,0,0.2,0,0.2,0,0.2,0,0.0,0,Tidak Tepat,,,,,,,,,,,,,,,,,,,,,,
530,180411100056,2.85,20,2.76,18,3.08,15,3.22,11,3.31,16,3.16,24,2.76,20,2.57,9,Tidak Tepat,,,,,,,,,,,,,,,,,,,,,,
531,180411100057,3.28,20,3.29,18,3.46,12,3.52,14,3.57,19,3.6,18,3.59,22,3.47,21,Tidak Tepat,,,,,,,,,,,,,,,,,,,,,,
532,180411100058,0.1,20,0.1,0,0.1,0,0.1,0,0.1,0,0.1,0,0.1,0,0.0,0,Tidak Tepat,,,,,,,,,,,,,,,,,,,,,,
533,180411100059,2.85,20,2.85,19,2.96,17,2.95,17,2.88,21,2.91,18,2.77,23,2.77,9,Tidak Tepat,,,,,,,,,,,,,,,,,,,,,,
534,180411100060,1.43,20,1.43,0,1.43,0,1.43,0,1.43,0,1.43,0,1.43,0,0.0,0,Tidak Tepat,,,,,,,,,,,,,,,,,,,,,,
535,180411100061,3.4,20,3.4,22,3.27,20,3.38,20,3.42,21,3.16,20,3.07,15,3.07,11,Tidak Tepat,,,,,,,,,,,,,,,,,,,,,,
536,180411100062,3.38,20,2.83,22,2.91,17,3.18,17,2.64,21,2.64,0,2.64,0,0.0,0,Tidak Tepat,,,,,,,,,,,,,,,,,,,,,,
537,180411100063,3.55,20,3.48,22,3.44,23,3.51,20,3.49,17,3.38,21,3.27,19,3.22,6,Tidak Tepat,,,,,,,,,,,,,,,,,,,,,,
538,180411100064,3.33,20,2.74,22,2.82,17,3.07,17,3.09,24,3.17,24,3.03,23,3.03,0,Tidak Tepat,,,,,,,,,,,,,,,,,,,,,,
539,180411100065,3.35,20,3.35,22,3.31,20,3.32,20,3.45,18,3.39,20,3.32,24,3.25,21,Tidak Tepat,,,,,,,,,,,,,,,,,,,,,,
540,180411100066,3.13,20,2.76,19,2.81,13,3.14,7,2.8,23,2.43,15,2.43,0,2.43,0,Tidak Tepat,,,,,,,,,,,,,,,,,,,,,,
541,180411100067,3.1,20,2.64,22,2.76,17,2.68,17,2.3,18,2.3,0,2.3,0,0.0,0,Tidak Tepat,,,,,,,,,,,,,,,,,,,,,,
542,180411100068,3.63,20,3.52,22,3.64,23,3.65,20,3.64,18,3.56,23,3.4,24,3.4,0,Tidak Tepat,,,,,,,,,,,,,,,,,,,,,,
543,180411100069,3.58,20,2.82,22,3.01,13,3.55,7,3.58,18,3.59,24,3.54,22,3.34,15,Tidak Tepat,,,,,,,,,,,,,,,,,,,,,,
544,180411100070,3.53,20,3.27,22,3.28,23,3.32,20,3.34,17,3.42,20,3.28,24,3.28,0,Tidak Tepat,,,,,,,,,,,,,,,,,,,,,,
545,180411100071,3.35,20,3.4,22,3.36,20,3.42,20,3.5,18,3.5,20,3.53,24,3.56,14,Tidak Tepat,,,,,,,,,,,,,,,,,,,,,,
546,180411100072,3.45,20,3.46,22,3.4,20,3.46,20,3.36,21,3.31,21,3.14,23,3.14,0,Tidak Tepat,,,,,,,,,,,,,,,,,,,,,,
547,180411100073,3.68,20,3.48,22,3.63,23,3.75,20,3.76,21,3.74,23,3.6,18,3.76,0,Tepat,,,,,,,,,,,,,,,,,,,,,,
548,180411100074,3.48,20,3.39,22,3.36,23,3.37,20,3.34,20,3.15,20,3.1,18,2.98,6,Tidak Tepat,,,,,,,,,,,,,,,,,,,,,,
549,180411100075,3.48,20,2.99,22,3.12,20,3.29,20,2.88,18,2.77,11,2.74,14,2.84,16,Tidak Tepat,,,,,,,,,,,,,,,,,,,,,,
550,180411100076,3.13,20,2.64,22,2.81,13,3.25,6,3.08,23,2.95,17,2.92,18,2.61,14,Tidak Tepat,,,,,,,,,,,,,,,,,,,,,,
551,180411100077,2.4,20,2.45,18,2.76,9,2.58,11,2.3,7,2.3,0,1.93,18,1.96,7,Tidak Tepat,,,,,,,,,,,,,,,,,,,,,,
552,180411100078,3.23,20,2.93,22,3.05,20,3.28,17,3.31,18,3.38,22,3.39,19,3.26,9,Tidak Tepat,,,,,,,,,,,,,,,,,,,,,,
553,180411100079,3.38,20,3.24,22,3.19,23,3.34,20,3.37,17,3.4,22,3.26,24,3.34,17,Tidak Tepat,,,,,,,,,,,,,,,,,,,,,,
554,180411100080,3.68,20,3.5,22,3.58,23,3.62,20,3.66,18,3.67,24,3.52,20,3.52,0,Tidak Tepat,,,,,,,,,,,,,,,,,,,,,,
555,180411100081,2.85,20,2.68,19,2.74,16,3.15,7,3.21,15,3.25,24,3.12,24,3.01,6,Tidak Tepat,,,,,,,,,,,,,,,,,,,,,,
556,180411100082,3.13,20,2.86,19,2.99,17,3.1,17,2.92,24,2.92,18,2.72,21,2.79,3,Tidak Tepat,,,,,,,,,,,,,,,,,,,,,,
557,180411100083,3.05,20,3.12,22,2.69,20,2.7,10,3.2,6,3.23,18,3.21,22,3.06,18,Tidak Tepat,,,,,,,,,,,,,,,,,,,,,,
558,180411100084,3.68,20,3.55,22,3.5,23,3.55,20,3.59,20,3.51,20,3.52,18,3.38,6,Tidak Tepat,,,,,,,,,,,,,,,,,,,,,,
559,180411100085,3.5,20,3.3,22,3.38,23,3.5,20,3.46,21,3.55,24,3.36,20,3.36,0,Tidak Tepat,,,,,,,,,,,,,,,,,,,,,,
560,180411100086,2.93,20,3.04,20,3.22,20,3.25,22,3.33,18,3.38,21,3.41,20,3.27,6,Tidak Tepat,,,,,,,,,,,,,,,,,,,,,,
561,180411100087,3.13,20,3.13,22,2.89,23,2.86,16,3.13,8,3.23,15,3.16,22,2.88,12,Tidak Tepat,,,,,,,,,,,,,,,,,,,,,,
562,180411100088,3.63,20,3.43,22,3.39,23,3.49,20,3.48,21,3.51,23,3.34,18,3.34,0,Tidak Tepat,,,,,,,,,,,,,,,,,,,,,,
563,180411100089,3.35,20,3.18,22,3.29,23,3.37,20,3.41,21,3.47,23,3.34,18,3.51,0,Tepat,,,,,,,,,,,,,,,,,,,,,,
564,180411100090,3.65,20,3.45,22,3.5,23,3.59,20,3.58,21,3.58,23,3.42,18,3.58,0,Tepat,,,,,,,,,,,,,,,,,,,,,,
565,180411100091,3.3,20,2.69,22,2.69,0,2.69,0,2.69,0,2.69,0,2.69,0,0.0,0,Tidak Tepat,,,,,,,,,,,,,,,,,,,,,,
566,180411100092,3.53,20,3.29,22,3.4,23,3.46,20,3.48,20,3.53,23,3.39,18,3.55,0,Tepat,,,,,,,,,,,,,,,,,,,,,,
567,180411100093,3.2,20,3.01,22,3.22,20,3.47,17,3.51,20,3.55,22,3.58,16,3.44,9,Tidak Tepat,,,,,,,,,,,,,,,,,,,,,,
568,180411100094,3.05,20,2.92,22,2.95,20,2.84,20,2.88,14,3.03,15,2.94,23,2.87,6,Tidak Tepat,,,,,,,,,,,,,,,,,,,,,,
569,180411100095,3.15,20,2.79,22,2.95,17,3.11,17,2.62,24,2.47,12,2.46,9,2.13,19,Tidak Tepat,,,,,,,,,,,,,,,,,,,,,,
570,180411100096,2.55,20,2.74,15,3.17,11,3.32,11,3.37,23,3.27,24,3.2,19,3.13,18,Tidak Tepat,,,,,,,,,,,,,,,,,,,,,,
571,180411100097,2.7,20,2.2,18,2.2,0,2.2,0,2.2,0,2.2,0,2.2,0,0.0,-38,Tidak Tepat,,,,,,,,,,,,,,,,,,,,,,
572,180411100098,3.8,20,3.83,22,3.8,23,3.78,20,3.82,24,3.85,24,3.65,23,3.65,0,Tidak Tepat,,,,,,,,,,,,,,,,,,,,,,
573,180411100099,3.88,20,3.79,22,3.79,23,3.74,20,3.74,24,3.77,24,3.63,23,3.63,0,Tidak Tepat,,,,,,,,,,,,,,,,,,,,,,
574,180411100100,3.55,20,3.06,22,3.15,13,3.47,7,3.51,18,3.55,19,3.47,24,3.51,6,Tidak Tepat,,,,,,,,,,,,,,,,,,,,,,
575,180411100101,3.5,20,3.18,22,3.28,20,3.38,20,3.42,21,3.45,23,3.46,14,3.37,19,Tidak Tepat,,,,,,,,,,,,,,,,,,,,,,
576,180411100102,3.48,20,3.29,22,3.38,23,3.34,20,3.38,18,3.48,20,3.33,24,3.33,0,Tidak Tepat,,,,,,,,,,,,,,,,,,,,,,
577,180411100103,3.8,20,3.55,22,3.52,20,3.59,20,3.61,18,3.53,24,3.41,23,3.41,0,Tidak Tepat,,,,,,,,,,,,,,,,,,,,,,
578,180411100104,3.25,20,3.12,22,3.21,20,3.29,20,3.29,18,3.34,21,3.39,24,3.25,9,Tidak Tepat,,,,,,,,,,,,,,,,,,,,,,
579,180411100105,3.5,20,3.12,22,3.3,20,3.58,17,3.55,24,3.62,23,3.44,24,3.6,0,Tepat,,,,,,,,,,,,,,,,,,,,,,
580,180411100106,3.88,20,3.7,22,3.73,23,3.66,20,3.6,17,3.66,20,3.52,24,3.52,0,Tidak Tepat,,,,,,,,,,,,,,,,,,,,,,
581,180411100107,3.18,20,2.95,22,3.02,20,3.23,20,2.85,20,2.85,0,2.85,0,0.0,0,Tidak Tepat,,,,,,,,,,,,,,,,,,,,,,
582,180411100108,3.55,20,3.14,22,2.97,20,2.46,14,2.66,9,2.74,9,2.53,11,2.53,0,Tidak Tepat,,,,,,,,,,,,,,,,,,,,,,
583,180411100109,3.15,20,3.18,22,3.28,23,3.32,20,3.31,20,3.22,24,3.01,20,3.01,0,Tidak Tepat,,,,,,,,,,,,,,,,,,,,,,
584,180411100110,3.13,20,3.12,22,3.17,23,3.29,20,3.38,17,3.45,24,3.28,20,3.28,0,Tidak Tepat,,,,,,,,,,,,,,,,,,,,,,
585,180411100111,3.5,20,2.85,22,2.96,17,3.28,17,3.31,21,3.32,22,3.38,20,3.25,9,Tidak Tepat,,,,,,,,,,,,,,,,,,,,,,
586,180411100112,2.73,20,3.05,18,3.3,9,2.99,14,3.05,14,3.23,15,3.13,23,3.07,17,Tidak Tepat,,,,,,,,,,,,,,,,,,,,,,
587,180411100113,3.45,20,3.32,22,3.3,23,3.32,20,3.3,20,3.27,24,3.16,20,3.16,0,Tidak Tepat,,,,,,,,,,,,,,,,,,,,,,
588,180411100114,2.68,20,2.87,18,3.15,12,3.17,14,3.28,19,3.33,18,3.28,22,3.15,21,Tidak Tepat,,,,,,,,,,,,,,,,,,,,,,
589,180411100115,3.13,20,3.02,22,2.72,20,2.9,16,3.05,16,3.1,12,3.02,22,2.85,12,Tidak Tepat,,,,,,,,,,,,,,,,,,,,,,
590,180411100116,3.35,20,2.08,22,2.35,13,3.39,7,3.48,17,3.46,24,3.42,22,3.35,15,Tidak Tepat,,,,,,,,,,,,,,,,,,,,,,
591,180411100117,3.5,20,3.14,22,3.31,20,3.43,20,3.44,20,3.51,21,3.38,20,3.39,3,Tidak Tepat,,,,,,,,,,,,,,,,,,,,,,
592,180411100118,3.35,20,3.36,22,3.44,23,3.54,20,3.54,20,3.59,23,3.44,18,3.59,0,Tepat,,,,,,,,,,,,,,,,,,,,,,
593,180411100119,2.68,20,2.8,20,2.85,16,2.96,12,2.98,12,2.81,18,2.85,15,2.61,19,Tidak Tepat,,,,,,,,,,,,,,,,,,,,,,
594,180411100120,2.55,20,2.84,18,2.97,9,2.9,14,2.87,17,2.93,18,2.84,19,2.79,12,Tidak Tepat,,,,,,,,,,,,,,,,,,,,,,
595,180411100121,3.7,20,3.73,22,3.71,23,3.76,20,3.74,21,3.75,24,3.57,23,3.57,0,Tidak Tepat,,,,,,,,,,,,,,,,,,,,,,
596,180411100122,3.23,20,3.28,18,3.48,12,3.49,14,3.52,19,3.5,18,3.39,22,3.21,12,Tidak Tepat,,,,,,,,,,,,,,,,,,,,,,
597,180411100123,3.33,20,2.87,22,2.94,17,3.01,17,2.95,21,2.93,17,2.96,21,2.76,12,Tidak Tepat,,,,,,,,,,,,,,,,,,,,,,
598,180411100124,2.5,20,2.49,15,2.66,6,3.09,7,2.69,14,2.68,9,2.21,19,2.03,8,Tidak Tepat,,,,,,,,,,,,,,,,,,,,,,
599,180411100125,3.5,20,3.43,22,3.4,23,3.49,20,3.58,17,3.65,24,3.49,20,3.54,18,Tidak Tepat,,,,,,,,,,,,,,,,,,,,,,
600,180411100126,3.48,20,3.37,22,3.43,23,3.46,20,3.46,20,3.48,20,3.46,15,3.37,6,Tidak Tepat,,,,,,,,,,,,,,,,,,,,,,
601,180411100127,3.58,20,3.3,22,3.39,23,3.49,20,3.48,20,3.53,24,3.54,14,3.4,6,Tidak Tepat,,,,,,,,,,,,,,,,,,,,,,
602,180411100128,3.73,20,3.54,22,3.65,23,3.72,20,3.7,21,3.66,23,3.54,18,3.7,0,Tepat,,,,,,,,,,,,,,,,,,,,,,
603,180411100129,2.9,20,2.79,18,2.71,12,2.66,11,2.67,4,2.4,11,2.4,0,2.53,0,Tidak Tepat,,,,,,,,,,,,,,,,,,,,,,
604,180411100130,3.15,20,2.76,22,2.85,17,3.02,17,3.02,21,2.96,24,2.93,20,2.9,8,Tidak Tepat,,,,,,,,,,,,,,,,,,,,,,
605,180411100131,2.78,20,2.82,18,3.14,9,3.2,14,3.22,22,3.29,21,3.3,22,3.11,15,Tidak Tepat,,,,,,,,,,,,,,,,,,,,,,
606,180411100132,3.53,20,3.4,22,3.31,23,3.43,20,3.44,21,3.48,23,3.31,18,3.31,0,Tidak Tepat,,,,,,,,,,,,,,,,,,,,,,
607,180411100133,3.23,20,3.1,22,3.17,20,3.29,20,3.27,21,3.25,23,3.09,18,3.09,0,Tidak Tepat,,,,,,,,,,,,,,,,,,,,,,
608,180411100134,3.3,20,3.46,18,3.57,14,3.55,14,3.55,17,3.45,21,3.36,22,3.23,12,Tidak Tepat,,,,,,,,,,,,,,,,,,,,,,
609,180411100135,3.63,20,3.27,22,3.35,20,3.29,20,3.34,18,3.43,21,3.46,20,3.52,18,Tidak Tepat,,,,,,,,,,,,,,,,,,,,,,
610,180411100136,3.4,20,2.94,22,3.03,20,3.16,17,3.03,21,2.97,20,2.94,21,2.77,12,Tidak Tepat,,,,,,,,,,,,,,,,,,,,,,
611,180411100137,2.98,20,3.03,20,2.84,20,2.44,18,2.28,8,2.28,0,2.28,0,0.0,-86,Tidak Tepat,,,,,,,,,,,,,,,,,,,,,,
612,180411100138,3.18,20,2.95,22,2.84,20,2.36,14,2.36,0,2.36,0,2.36,0,0.0,-76,Tidak Tepat,,,,,,,,,,,,,,,,,,,,,,
613,180411100139,3.18,20,3.33,22,3.38,23,3.42,20,3.44,21,3.37,24,3.21,20,3.21,0,Tidak Tepat,,,,,,,,,,,,,,,,,,,,,,
614,180411100140,2.98,20,2.96,20,3.03,20,3.13,22,3.32,18,3.28,20,3.21,24,3.15,6,Tidak Tepat,,,,,,,,,,,,,,,,,,,,,,
615,180411100141,3.58,20,3.26,22,3.4,20,3.46,20,3.48,20,3.43,20,3.32,24,3.32,0,Tidak Tepat,,,,,,,,,,,,,,,,,,,,,,
616,180411100142,2.25,20,1.42,16,1.42,0,1.42,0,1.42,0,1.42,0,1.42,0,0.0,-36,Tidak Tepat,,,,,,,,,,,,,,,,,,,,,,
617,180411100143,3.5,20,3.35,22,3.29,23,3.33,20,3.36,20,3.42,24,3.25,17,3.25,0,Tidak Tepat,,,,,,,,,,,,,,,,,,,,,,
618,180411100144,2.63,20,2.63,18,2.76,9,2.92,11,2.97,20,2.8,22,2.78,16,2.68,13,Tidak Tepat,,,,,,,,,,,,,,,,,,,,,,
619,180411100145,3.35,20,3.5,18,3.7,9,3.65,14,3.67,17,3.64,18,3.63,22,3.45,24,Tidak Tepat,,,,,,,,,,,,,,,,,,,,,,
620,180411100146,0.78,20,0.78,0,0.78,0,0.78,0,0.78,0,0.78,0,0.78,0,0.0,-20,Tidak Tepat,,,,,,,,,,,,,,,,,,,,,,
621,180411100147,3.35,20,3.02,22,3.09,20,3.04,20,3.1,14,3.21,17,3.2,22,3.12,12,Tidak Tepat,,,,,,,,,,,,,,,,,,,,,,
622,180411100148,2.73,20,2.82,18,2.89,12,2.95,14,3.16,16,3.07,21,2.73,19,2.66,3,Tidak Tepat,,,,,,,,,,,,,,,,,,,,,,
623,180411100149,3.25,20,3.2,22,3.15,23,3.29,20,3.33,21,3.34,24,3.19,20,3.19,0,Tidak Tepat,,,,,,,,,,,,,,,,,,,,,,
624,180411100150,2.6,20,2.39,18,2.84,14,3.2,11,3.05,20,2.98,21,2.87,19,2.94,12,Tidak Tepat,,,,,,,,,,,,,,,,,,,,,,
625,180411100151,3.05,20,2.52,22,2.68,16,2.93,7,3.01,20,2.96,19,2.84,21,2.91,7,Tidak Tepat,,,,,,,,,,,,,,,,,,,,,,
626,180411100152,3.33,20,3.25,22,3.33,23,3.44,20,3.45,21,3.43,20,3.41,18,3.27,6,Tidak Tepat,,,,,,,,,,,,,,,,,,,,,,
627,180411100153,2.93,20,2.75,18,2.99,14,3.04,11,3.09,17,2.99,24,2.88,19,2.68,15,Tidak Tepat,,,,,,,,,,,,,,,,,,,,,,
628,180411100154,2.98,20,2.75,20,2.97,20,3.09,22,3.05,21,2.98,20,3.03,17,2.91,6,Tidak Tepat,,,,,,,,,,,,,,,,,,,,,,
629,180411100155,3.18,20,3.15,22,2.85,23,3.03,17,3.02,18,3.07,18,2.98,24,2.94,12,Tidak Tepat,,,,,,,,,,,,,,,,,,,,,,
630,180411200156,3.64,103,3.52,23,3.4,20,3.57,0,0.0,0,0.0,0,0.0,0,0.0,0,Tepat,,,,,,,,,,,,,,,,,,,,,,
631,180411200157,3.27,103,3.22,20,3.3,14,3.18,9,3.18,0,3.18,0,3.05,6,3.05,0,Tidak Tepat,,,,,,,,,,,,,,,,,,,,,,
632,180411200158,2.98,103,2.93,18,3.05,11,2.93,14,2.93,0,2.93,0,2.95,6,2.95,0,Tepat,,,,,,,,,,,,,,,,,,,,,,
633,180411200159,2.89,103,2.87,18,2.98,11,2.98,0,2.89,6,2.7,11,2.61,9,2.61,0,Tidak Tepat,,,,,,,,,,,,,,,,,,,,,,
634,180411200160,3.0,103,2.94,20,3.05,14,2.99,9,2.99,0,2.99,0,2.99,0,2.99,0,Tidak Tepat,,,,,,,,,,,,,,,,,,,,,,
635,180411200161,3.26,103,3.22,20,3.27,14,3.15,9,3.15,0,3.15,0,3.03,6,3.03,0,Tidak Tepat,,,,,,,,,,,,,,,,,,,,,,
636,180411200162,3.22,103,3.17,20,3.22,14,3.08,9,3.08,0,3.08,0,2.96,6,2.96,0,Tidak Tepat,,,,,,,,,,,,,,,,,,,,,,
637,180411200163,3.04,112,2.94,22,3.0,12,2.91,6,2.91,0,2.91,0,2.8,6,2.95,0,Tidak Tepat,,,,,,,,,,,,,,,,,,,,,,
638,180411200164,3.31,112,3.26,22,3.15,15,3.3,0,0.0,0,0.0,0,0.0,0,0.0,0,Tepat,,,,,,,,,,,,,,,,,,,,,,
639,180411200165,3.31,112,3.28,22,3.17,12,3.34,0,0.0,0,0.0,0,0.0,0,0.0,0,Tepat,,,,,,,,,,,,,,,,,,,,,,
640,180411200166,3.17,112,3.1,22,3.14,9,3.01,6,3.01,0,3.01,0,3.05,6,3.05,0,Tepat,,,,,,,,,,,,,,,,,,,,,,
641,180411200167,3.3,112,3.25,22,3.15,15,3.31,0,0.0,0,0.0,0,0.0,0,0.0,0,Tepat,,,,,,,,,,,,,,,,,,,,,,
642,180411200168,3.51,112,3.43,22,3.3,12,3.45,0,3.45,0,0.0,0,0.0,0,0.0,0,Tepat,,,,,,,,,,,,,,,,,,,,,,
643,180411200169,3.63,112,3.54,22,3.43,15,3.59,0,0.0,0,0.0,0,0.0,0,0.0,0,Tepat,,,,,,,,,,,,,,,,,,,,,,
644,180411200170,3.31,112,3.28,22,3.16,15,3.16,0,3.16,0,3.32,0,3.32,0,0.0,0,Tepat,,,,,,,,,,,,,,,,,,,,,,
645,180411200171,3.35,112,3.31,22,3.21,18,3.21,0,3.21,0,3.33,0,3.33,0,0.0,0,Tepat,,,,,,,,,,,,,,,,,,,,,,
646,180411200172,3.06,112,3.04,22,3.08,12,2.95,6,3.11,0,0.0,0,0.0,0,0.0,0,Tidak Tepat,,,,,,,,,,,,,,,,,,,,,,
647,180411200173,3.04,112,2.94,22,2.94,12,2.88,6,2.88,0,2.88,0,2.77,6,2.77,0,Tidak Tepat,,,,,,,,,,,,,,,,,,,,,,
648,180411200174,2.97,112,2.91,22,2.89,12,2.81,6,2.81,0,2.81,0,2.81,0,2.81,0,Tidak Tepat,,,,,,,,,,,,,,,,,,,,,,
649,180411200175,3.06,112,2.99,22,2.9,18,2.9,0,2.9,0,2.9,0,2.9,6,2.9,0,Tepat,,,,,,,,,,,,,,,,,,,,,,
650,180411200176,3.25,112,3.19,22,3.08,12,3.24,0,0.0,0,0.0,0,0.0,0,0.0,0,Tepat,,,,,,,,,,,,,,,,,,,,,,
651,180411200177,2.82,112,2.82,22,2.89,15,2.78,6,2.78,0,2.78,0,2.78,0,2.78,0,Tidak Tepat,,,,,,,,,,,,,,,,,,,,,,
652,180411200178,3.13,112,3.11,22,3.13,9,3.01,6,3.01,0,3.01,0,3.03,6,3.03,0,Tepat,,,,,,,,,,,,,,,,,,,,,,
653,180411200179,3.04,103,2.93,20,2.96,14,2.88,9,2.88,0,2.88,0,2.77,6,2.77,0,Tidak Tepat,,,,,,,,,,,,,,,,,,,,,,
654,180411200180,3.15,112,3.06,22,3.03,9,3.1,0,3.2,0,3.07,9,2.96,6,2.96,0,Tidak Tepat,,,,,,,,,,,,,,,,,,,,,,
655,180411200181,2.61,112,2.7,22,2.84,9,2.84,6,2.84,0,0.0,0,0.0,0,0.0,0,Tepat,,,,,,,,,,,,,,,,,,,,,,
656,190411100001,3.35,20,3.29,22,3.46,20,3.45,24,3.42,24,3.47,23,3.33,22,3.33,22,Tidak Tepat,,,,,,,,,,,,,,,,,,,,,,
657,190411100002,3.83,20,3.83,22,3.87,23,3.87,22,3.85,22,3.86,23,3.87,17,3.87,17,Tepat,,,,,,,,,,,,,,,,,,,,,,
658,190411100003,3.38,20,3.26,22,3.48,20,3.55,22,3.55,22,3.53,23,3.38,22,3.38,22,Tidak Tepat,,,,,,,,,,,,,,,,,,,,,,
659,190411100004,3.73,20,3.52,22,3.52,0,3.52,0,3.52,0,0.0,0,0.0,0,0.0,0,Tidak Tepat,,,,,,,,,,,,,,,,,,,,,,
660,190411100005,3.4,20,3.48,22,3.62,20,3.67,22,3.64,22,3.59,17,3.55,19,3.55,19,Tidak Tepat,,,,,,,,,,,,,,,,,,,,,,
661,190411100006,3.55,20,3.65,22,3.63,23,3.54,22,3.41,22,3.44,11,3.41,17,3.41,17,Tidak Tepat,,,,,,,,,,,,,,,,,,,,,,
662,190411100007,3.55,20,3.62,22,3.7,23,3.75,22,3.66,22,3.65,23,3.51,17,3.51,17,Tidak Tepat,,,,,,,,,,,,,,,,,,,,,,
663,190411100008,3.18,20,3.15,22,3.3,16,3.42,14,3.43,22,3.34,16,3.32,18,3.32,18,Tidak Tepat,,,,,,,,,,,,,,,,,,,,,,
664,190411100009,3.38,20,3.56,22,3.49,23,3.44,22,3.28,22,3.24,14,2.86,23,2.86,23,Tidak Tepat,,,,,,,,,,,,,,,,,,,,,,
665,190411100010,3.85,20,3.85,22,3.73,23,3.59,22,3.49,22,3.52,23,3.59,20,3.59,20,Tidak Tepat,,,,,,,,,,,,,,,,,,,,,,
666,190411100011,3.53,20,3.55,22,3.66,23,3.64,22,3.59,22,3.62,23,3.62,8,3.62,8,Tidak Tepat,,,,,,,,,,,,,,,,,,,,,,
667,190411100012,0.45,20,0.45,0,0.45,0,0.45,0,0.45,0,0.0,0,0.0,0,0.0,0,Tidak Tepat,,,,,,,,,,,,,,,,,,,,,,
668,190411100013,3.43,20,3.57,22,3.56,20,3.58,22,3.56,22,3.53,23,3.58,17,3.58,17,Tidak Tepat,,,,,,,,,,,,,,,,,,,,,,
669,190411100014,3.7,20,3.76,22,3.82,23,3.81,22,3.76,22,3.78,23,3.61,14,3.61,14,Tidak Tepat,,,,,,,,,,,,,,,,,,,,,,
670,190411100015,3.5,20,3.61,22,3.58,23,3.47,22,3.36,22,3.38,21,3.34,20,3.34,20,Tidak Tepat,,,,,,,,,,,,,,,,,,,,,,
671,190411100016,3.53,20,3.73,22,3.75,23,3.7,22,3.7,22,3.73,23,3.58,14,3.58,14,Tidak Tepat,,,,,,,,,,,,,,,,,,,,,,
672,190411100017,3.58,20,3.45,22,3.57,23,3.57,22,3.59,22,3.64,20,3.66,14,3.66,14,Tidak Tepat,,,,,,,,,,,,,,,,,,,,,,
673,190411100018,3.53,20,3.49,22,3.47,23,3.23,20,3.2,18,3.15,11,3.17,19,3.17,19,Tidak Tepat,,,,,,,,,,,,,,,,,,,,,,
674,190411100019,3.58,20,3.68,22,3.69,23,3.54,20,3.44,21,3.39,23,3.39,0,0.0,0,Tidak Tepat,,,,,,,,,,,,,,,,,,,,,,
675,190411100020,3.28,20,3.48,22,3.61,23,3.66,22,3.6,22,3.6,23,3.65,20,3.65,20,Tidak Tepat,,,,,,,,,,,,,,,,,,,,,,
676,190411100021,3.5,20,3.71,22,3.76,23,3.76,22,3.73,22,3.67,20,3.7,14,3.7,14,Tidak Tepat,,,,,,,,,,,,,,,,,,,,,,
677,190411100022,0.95,20,0.95,0,0.95,0,0.95,0,0.95,0,0.0,0,0.0,0,0.0,0,Tidak Tepat,,,,,,,,,,,,,,,,,,,,,,
678,190411100023,3.85,20,3.88,22,3.88,23,3.67,23,3.56,24,3.39,24,3.21,21,3.21,21,Tidak Tepat,,,,,,,,,,,,,,,,,,,,,,
679,190411100024,3.5,20,3.54,22,3.63,20,3.56,20,3.57,22,3.59,23,3.44,21,3.44,21,Tidak Tepat,,,,,,,,,,,,,,,,,,,,,,
680,190411100025,3.18,20,3.24,22,3.36,20,3.41,22,3.39,22,3.38,20,3.24,19,3.24,19,Tidak Tepat,,,,,,,,,,,,,,,,,,,,,,
681,190411100026,3.6,20,3.33,22,3.49,16,3.44,14,3.43,22,3.44,22,3.42,18,3.42,18,Tidak Tepat,,,,,,,,,,,,,,,,,,,,,,
682,190411100027,3.28,20,3.2,22,3.46,23,3.55,22,3.42,22,3.41,14,3.33,19,3.33,19,Tidak Tepat,,,,,,,,,,,,,,,,,,,,,,
683,190411100028,3.6,20,3.7,22,3.64,23,3.64,22,3.53,22,3.53,17,3.55,20,3.55,20,Tidak Tepat,,,,,,,,,,,,,,,,,,,,,,
684,190411100029,3.58,20,3.62,22,3.61,23,3.63,22,3.52,22,3.48,17,3.51,20,3.51,20,Tidak Tepat,,,,,,,,,,,,,,,,,,,,,,
685,190411100030,3.38,20,3.55,22,3.65,23,3.71,22,3.65,22,3.66,23,3.71,20,3.71,20,Tidak Tepat,,,,,,,,,,,,,,,,,,,,,,
686,190411100031,3.55,20,3.63,22,3.55,20,3.52,20,3.45,22,3.43,23,3.21,24,3.21,24,Tidak Tepat,,,,,,,,,,,,,,,,,,,,,,
687,190411100032,3.35,20,3.46,22,3.55,20,3.62,20,3.66,24,3.64,23,3.65,11,3.65,11,Tidak Tepat,,,,,,,,,,,,,,,,,,,,,,
688,190411100033,3.68,20,3.62,22,3.69,20,3.66,20,3.67,22,3.66,23,3.65,15,3.65,15,Tidak Tepat,,,,,,,,,,,,,,,,,,,,,,
689,190411100034,3.83,20,3.79,22,3.82,23,3.79,22,3.63,22,3.64,23,3.49,14,3.49,14,Tidak Tepat,,,,,,,,,,,,,,,,,,,,,,
690,190411100035,3.2,20,3.2,22,3.37,20,3.35,22,3.22,22,3.26,20,3.19,16,3.19,16,Tidak Tepat,,,,,,,,,,,,,,,,,,,,,,
691,190411100036,3.35,20,3.51,22,3.41,23,3.2,20,3.1,21,2.87,14,2.9,12,2.9,12,Tidak Tepat,,,,,,,,,,,,,,,,,,,,,,
692,190411100037,3.63,20,3.69,22,3.77,20,3.77,22,3.69,22,3.67,23,3.52,16,3.52,16,Tidak Tepat,,,,,,,,,,,,,,,,,,,,,,
693,190411100038,3.53,20,3.63,22,3.67,20,3.71,20,3.75,24,3.7,23,3.7,11,3.7,11,Tidak Tepat,,,,,,,,,,,,,,,,,,,,,,
694,190411100039,3.65,20,3.7,22,3.76,23,3.68,22,3.6,22,3.59,23,3.43,14,3.43,14,Tidak Tepat,,,,,,,,,,,,,,,,,,,,,,
695,190411100040,3.15,20,3.19,22,3.33,20,3.29,22,3.35,22,3.39,20,3.34,14,3.34,14,Tidak Tepat,,,,,,,,,,,,,,,,,,,,,,
696,190411100041,3.7,20,3.62,22,3.65,20,3.54,22,3.59,22,3.6,23,3.41,17,3.41,17,Tidak Tepat,,,,,,,,,,,,,,,,,,,,,,
697,190411100042,3.48,20,3.54,22,3.63,20,3.64,22,3.5,22,3.48,20,3.3,17,3.3,17,Tidak Tepat,,,,,,,,,,,,,,,,,,,,,,
698,190411100043,3.43,20,3.48,22,3.48,0,3.48,0,3.48,0,0.0,0,0.0,0,0.0,0,Tidak Tepat,,,,,,,,,,,,,,,,,,,,,,
699,190411100044,3.6,20,3.42,22,3.42,23,3.21,24,3.17,21,3.13,20,3.02,16,3.02,16,Tidak Tepat,,,,,,,,,,,,,,,,,,,,,,
700,190411100045,3.45,20,3.63,22,3.65,20,3.59,20,3.58,24,3.56,20,3.62,20,3.62,20,Tidak Tepat,,,,,,,,,,,,,,,,,,,,,,
701,190411100046,3.43,20,3.64,22,3.71,20,3.7,20,3.65,22,3.58,11,3.64,20,3.64,20,Tidak Tepat,,,,,,,,,,,,,,,,,,,,,,
702,190411100047,3.15,20,2.86,22,2.99,13,2.92,14,2.76,23,2.36,20,2.36,0,0.0,0,Tidak Tepat,,,,,,,,,,,,,,,,,,,,,,
703,190411100048,0.3,20,0.43,8,0.43,0,0.9,12,1.07,18,1.07,0,1.17,11,1.17,11,Tidak Tepat,,,,,,,,,,,,,,,,,,,,,,
704,190411100049,0.5,20,0.5,0,0.5,0,0.5,0,0.5,0,0.0,0,0.0,0,0.0,0,Tidak Tepat,,,,,,,,,,,,,,,,,,,,,,
705,190411100050,0.8,20,0.8,0,0.8,0,0.8,0,0.8,0,0.0,0,0.0,0,0.0,0,Tidak Tepat,,,,,,,,,,,,,,,,,,,,,,
706,190411100051,0.53,20,0.53,0,0.53,0,0.53,0,0.53,0,0.0,0,0.0,0,0.0,0,Tidak Tepat,,,,,,,,,,,,,,,,,,,,,,
707,190411100052,3.75,20,3.42,22,3.22,16,3.16,18,3.07,19,3.0,18,3.02,19,3.02,19,Tidak Tepat,,,,,,,,,,,,,,,,,,,,,,
708,190411100053,3.23,20,3.29,22,3.43,23,3.43,22,3.41,22,3.48,17,3.34,20,3.34,20,Tidak Tepat,,,,,,,,,,,,,,,,,,,,,,
709,190411100054,0.1,20,0.1,0,0.1,0,0.1,0,0.1,0,0.0,0,0.0,0,0.0,0,Tidak Tepat,,,,,,,,,,,,,,,,,,,,,,
710,190411100055,3.6,20,3.31,22,3.36,16,3.24,14,3.15,19,3.15,0,3.15,0,0.0,0,Tidak Tepat,,,,,,,,,,,,,,,,,,,,,,
711,190411100056,0.53,20,0.53,0,0.53,0,0.53,0,0.53,0,0.0,0,0.0,0,0.0,0,Tidak Tepat,,,,,,,,,,,,,,,,,,,,,,
712,190411100057,3.53,20,3.6,22,3.64,20,3.65,22,3.51,22,3.54,20,3.35,17,3.35,17,Tidak Tepat,,,,,,,,,,,,,,,,,,,,,,
713,190411100058,3.68,20,3.62,22,3.71,23,3.63,22,3.6,22,3.54,14,3.56,20,3.56,20,Tidak Tepat,,,,,,,,,,,,,,,,,,,,,,
714,190411100059,3.65,20,3.8,22,3.81,20,3.79,20,3.71,24,3.67,20,3.68,20,3.68,20,Tidak Tepat,,,,,,,,,,,,,,,,,,,,,,
715,190411100060,3.28,20,3.57,22,3.58,23,3.48,22,3.39,22,3.31,23,3.27,8,3.27,8,Tidak Tepat,,,,,,,,,,,,,,,,,,,,,,
716,190411100061,2.83,20,2.31,19,2.14,10,1.85,11,2.15,11,2.38,13,2.41,18,2.41,18,Tidak Tepat,,,,,,,,,,,,,,,,,,,,,,
717,190411100062,3.58,20,3.6,22,3.52,23,3.53,22,3.48,22,3.4,20,3.42,17,3.42,17,Tidak Tepat,,,,,,,,,,,,,,,,,,,,,,
718,190411100063,3.23,20,3.29,22,3.44,23,3.45,22,3.44,22,3.43,23,3.31,14,3.31,14,Tidak Tepat,,,,,,,,,,,,,,,,,,,,,,
719,190411100064,3.75,20,3.69,22,3.68,23,3.67,22,3.57,22,3.4,17,3.23,17,3.23,17,Tidak Tepat,,,,,,,,,,,,,,,,,,,,,,
720,190411100065,3.68,20,3.45,22,3.52,23,3.41,23,3.21,22,3.14,12,2.8,15,2.8,15,Tidak Tepat,,,,,,,,,,,,,,,,,,,,,,
721,190411100066,3.5,20,3.63,22,3.68,23,3.68,22,3.7,22,3.74,23,3.59,14,3.59,14,Tidak Tepat,,,,,,,,,,,,,,,,,,,,,,
722,190411100067,3.83,20,3.77,22,3.83,23,3.84,22,3.83,22,3.85,23,3.7,17,3.7,17,Tidak Tepat,,,,,,,,,,,,,,,,,,,,,,
723,190411100068,3.78,20,3.81,22,3.82,23,3.86,22,3.84,22,3.87,23,3.69,17,3.69,17,Tidak Tepat,,,,,,,,,,,,,,,,,,,,,,
724,190411100069,3.5,20,3.71,22,3.69,23,3.63,22,3.59,22,3.43,23,3.28,17,3.28,17,Tidak Tepat,,,,,,,,,,,,,,,,,,,,,,
725,190411100070,3.8,20,3.8,22,3.85,23,3.87,22,3.86,22,3.77,23,3.8,17,3.8,17,Tidak Tepat,,,,,,,,,,,,,,,,,,,,,,
726,190411100071,3.58,20,3.7,22,3.72,20,3.63,22,3.52,22,3.52,23,3.53,21,3.53,21,Tidak Tepat,,,,,,,,,,,,,,,,,,,,,,
727,190411100072,3.58,20,3.31,22,3.53,23,3.6,23,3.63,22,3.59,20,3.63,13,3.63,13,Tidak Tepat,,,,,,,,,,,,,,,,,,,,,,
728,190411100073,3.58,20,3.67,22,3.76,23,3.81,22,3.78,22,3.79,23,3.79,8,3.79,8,Tidak Tepat,,,,,,,,,,,,,,,,,,,,,,
729,190411100074,3.75,20,3.75,22,3.82,23,3.79,22,3.7,22,3.69,23,3.55,14,3.55,14,Tidak Tepat,,,,,,,,,,,,,,,,,,,,,,
730,190411100075,3.8,20,3.9,22,3.86,23,3.79,22,3.76,22,3.77,20,3.76,14,3.76,14,Tidak Tepat,,,,,,,,,,,,,,,,,,,,,,
731,190411100076,3.68,20,3.71,22,3.77,23,3.82,22,3.77,22,3.71,23,3.74,21,3.74,21,Tidak Tepat,,,,,,,,,,,,,,,,,,,,,,
732,190411100077,2.6,20,2.87,18,3.19,9,2.63,14,2.63,0,2.63,0,2.63,0,0.0,0,Tidak Tepat,,,,,,,,,,,,,,,,,,,,,,
733,190411100078,3.53,20,3.73,22,3.8,23,3.8,22,3.74,22,3.66,23,3.6,14,3.6,14,Tidak Tepat,,,,,,,,,,,,,,,,,,,,,,
734,190411100079,3.68,20,3.75,22,3.79,23,3.76,22,3.72,22,3.73,23,3.75,20,3.75,20,Tidak Tepat,,,,,,,,,,,,,,,,,,,,,,
735,190411100080,3.85,20,3.75,22,3.76,23,3.71,22,3.7,22,3.68,23,3.54,19,3.54,19,Tidak Tepat,,,,,,,,,,,,,,,,,,,,,,
736,190411100081,3.43,20,3.63,22,3.71,23,3.66,22,3.65,22,3.64,20,3.66,14,3.66,14,Tidak Tepat,,,,,,,,,,,,,,,,,,,,,,
737,190411100082,3.63,20,3.79,22,3.86,23,3.87,22,3.82,22,3.78,23,3.64,14,3.64,14,Tidak Tepat,,,,,,,,,,,,,,,,,,,,,,
738,190411100083,0.1,20,0.1,0,0.1,0,0.1,0,0.1,0,0.0,0,0.0,0,0.0,0,Tidak Tepat,,,,,,,,,,,,,,,,,,,,,,
739,190411100084,3.83,20,3.85,22,3.85,23,3.81,22,3.73,22,3.76,19,3.72,17,3.72,17,Tidak Tepat,,,,,,,,,,,,,,,,,,,,,,
740,190411100085,3.65,20,3.62,22,3.68,23,3.65,20,3.62,22,3.56,17,3.56,19,3.56,19,Tidak Tepat,,,,,,,,,,,,,,,,,,,,,,
741,190411100086,3.43,20,3.5,22,3.53,20,3.54,20,3.46,24,3.46,20,3.48,18,3.48,18,Tidak Tepat,,,,,,,,,,,,,,,,,,,,,,
742,190411100087,3.75,20,3.65,22,3.78,23,3.82,22,3.78,22,3.78,23,3.63,14,3.63,14,Tidak Tepat,,,,,,,,,,,,,,,,,,,,,,
743,190411100088,3.25,20,1.79,22,2.11,10,2.38,23,2.52,22,2.48,10,2.42,14,2.42,14,Tidak Tepat,,,,,,,,,,,,,,,,,,,,,,
744,190411100089,3.03,20,3.2,22,3.22,20,3.3,22,3.33,22,3.35,11,3.32,21,3.32,21,Tidak Tepat,,,,,,,,,,,,,,,,,,,,,,
745,190411100090,3.35,20,3.55,22,3.59,20,3.65,20,3.66,24,3.64,20,3.63,13,3.63,13,Tidak Tepat,,,,,,,,,,,,,,,,,,,,,,
746,190411100091,3.48,20,3.6,22,3.59,23,3.49,20,3.49,24,3.44,23,3.45,13,3.45,13,Tidak Tepat,,,,,,,,,,,,,,,,,,,,,,
747,190411100092,3.63,20,3.74,22,3.77,23,3.73,22,3.76,18,3.79,15,3.76,16,3.76,16,Tidak Tepat,,,,,,,,,,,,,,,,,,,,,,
748,190411100093,3.6,20,3.69,22,3.8,23,3.82,22,3.78,22,3.77,23,3.8,20,3.8,20,Tidak Tepat,,,,,,,,,,,,,,,,,,,,,,
749,190411100094,3.85,20,3.8,22,3.86,20,3.71,20,3.71,22,3.64,24,3.67,19,3.67,19,Tidak Tepat,,,,,,,,,,,,,,,,,,,,,,
750,190411100095,3.4,20,2.05,22,2.05,0,2.05,0,2.05,0,0.0,-42,0.0,0,0.0,0,Tidak Tepat,,,,,,,,,,,,,,,,,,,,,,
751,190411100096,3.68,20,3.8,22,3.77,23,3.79,22,3.76,22,3.77,23,3.62,14,3.62,14,Tidak Tepat,,,,,,,,,,,,,,,,,,,,,,
752,190411100097,3.9,20,3.82,22,3.83,23,3.86,22,3.86,22,3.88,23,3.89,17,3.89,17,Tepat,,,,,,,,,,,,,,,,,,,,,,
753,190411100098,3.75,20,3.73,22,3.82,23,3.86,22,3.79,22,3.78,23,3.79,17,3.79,17,Tidak Tepat,,,,,,,,,,,,,,,,,,,,,,
754,190411100099,3.43,20,3.55,22,3.43,23,3.47,23,3.41,24,3.41,17,3.49,21,3.49,21,Tidak Tepat,,,,,,,,,,,,,,,,,,,,,,
755,190411100100,3.55,20,3.2,22,3.31,20,3.39,24,3.33,24,3.33,14,3.21,23,3.21,23,Tidak Tepat,,,,,,,,,,,,,,,,,,,,,,
756,190411100101,3.7,20,3.54,22,3.6,20,3.48,20,3.48,24,3.46,17,3.42,16,3.42,16,Tidak Tepat,,,,,,,,,,,,,,,,,,,,,,
757,190411100102,3.7,20,3.52,22,3.65,20,3.71,22,3.73,22,3.67,23,3.53,19,3.53,19,Tidak Tepat,,,,,,,,,,,,,,,,,,,,,,
758,190411100103,3.58,20,3.69,22,3.73,23,3.78,23,3.76,21,3.73,23,3.59,14,3.59,14,Tidak Tepat,,,,,,,,,,,,,,,,,,,,,,
759,190411100104,3.9,20,3.63,22,3.72,20,3.71,20,3.69,24,3.65,23,3.59,13,3.59,13,Tidak Tepat,,,,,,,,,,,,,,,,,,,,,,
760,190411100105,3.53,20,3.44,22,3.08,20,2.96,18,2.9,20,3.09,17,2.98,13,2.98,13,Tidak Tepat,,,,,,,,,,,,,,,,,,,,,,
761,190411100106,0.73,20,0.73,0,0.73,0,0.73,0,0.73,0,0.0,0,0.0,0,0.0,0,Tidak Tepat,,,,,,,,,,,,,,,,,,,,,,
762,190411100107,3.68,20,3.75,22,3.71,23,3.68,22,3.67,22,3.63,23,3.49,14,3.49,14,Tidak Tepat,,,,,,,,,,,,,,,,,,,,,,
763,190411100108,3.6,20,3.62,22,3.75,23,3.77,22,3.78,22,3.77,23,3.8,20,3.8,20,Tidak Tepat,,,,,,,,,,,,,,,,,,,,,,
764,190411100109,2.65,20,2.39,18,2.7,9,2.47,17,2.58,14,2.51,16,2.54,11,2.54,11,Tidak Tepat,,,,,,,,,,,,,,,,,,,,,,
765,190411100110,3.48,20,3.65,22,3.63,23,3.68,22,3.73,22,3.73,23,3.59,14,3.59,14,Tidak Tepat,,,,,,,,,,,,,,,,,,,,,,
766,190411100111,3.28,20,3.35,22,3.44,20,3.31,20,3.29,20,3.27,20,3.15,24,3.15,24,Tidak Tepat,,,,,,,,,,,,,,,,,,,,,,
767,190411100112,3.5,20,3.1,22,3.28,16,3.37,14,3.39,22,3.42,16,3.33,20,3.33,20,Tidak Tepat,,,,,,,,,,,,,,,,,,,,,,
768,190411100113,3.15,20,3.17,22,3.32,23,3.27,23,3.31,24,3.25,17,2.95,19,2.95,19,Tidak Tepat,,,,,,,,,,,,,,,,,,,,,,
769,190411100114,3.73,20,3.69,22,3.73,20,3.74,20,3.7,22,3.72,20,3.73,18,3.73,18,Tidak Tepat,,,,,,,,,,,,,,,,,,,,,,
770,190411100115,3.28,20,3.23,22,3.05,23,2.4,20,2.1,12,2.25,9,2.25,19,2.25,19,Tidak Tepat,,,,,,,,,,,,,,,,,,,,,,
771,190411100116,3.43,20,3.58,22,3.67,22,3.63,22,3.63,19,3.65,23,3.51,20,3.51,20,Tidak Tepat,,,,,,,,,,,,,,,,,,,,,,
772,190411100117,3.35,20,3.61,22,3.64,23,3.67,22,3.65,22,3.49,20,3.34,17,3.34,17,Tidak Tepat,,,,,,,,,,,,,,,,,,,,,,
773,190411100118,2.05,20,2.05,0,2.05,0,2.05,0,2.05,0,0.0,0,0.0,0,0.0,0,Tidak Tepat,,,,,,,,,,,,,,,,,,,,,,
774,190411100119,3.4,20,3.36,22,2.93,20,2.61,18,2.48,15,2.22,14,2.22,0,0.0,0,Tidak Tepat,,,,,,,,,,,,,,,,,,,,,,
775,190411100120,3.38,20,3.38,22,3.23,20,2.85,20,2.74,13,2.73,18,2.64,20,2.64,20,Tidak Tepat,,,,,,,,,,,,,,,,,,,,,,
776,190411100121,3.88,20,3.85,22,3.85,23,3.75,22,3.72,22,3.7,23,3.73,14,3.73,14,Tidak Tepat,,,,,,,,,,,,,,,,,,,,,,
777,190411100122,3.38,20,2.79,22,2.79,0,2.79,0,2.79,0,0.0,0,0.0,0,0.0,0,Tidak Tepat,,,,,,,,,,,,,,,,,,,,,,
778,190411100123,3.53,20,3.7,22,3.75,20,3.77,20,3.76,24,3.71,23,3.71,11,3.71,11,Tidak Tepat,,,,,,,,,,,,,,,,,,,,,,
779,190411100124,3.43,20,3.45,22,3.45,23,3.4,22,3.06,21,2.95,11,2.95,12,2.95,12,Tidak Tepat,,,,,,,,,,,,,,,,,,,,,,
780,190411100125,3.4,20,3.55,22,3.62,20,3.64,22,3.58,22,3.52,20,3.45,16,3.45,16,Tidak Tepat,,,,,,,,,,,,,,,,,,,,,,
781,190411100126,3.5,20,3.35,22,3.5,23,3.46,24,3.48,24,3.47,23,3.33,16,3.33,16,Tidak Tepat,,,,,,,,,,,,,,,,,,,,,,
782,190411100127,3.7,20,3.73,22,3.68,23,3.66,22,3.67,22,3.71,17,3.7,14,3.7,14,Tidak Tepat,,,,,,,,,,,,,,,,,,,,,,
783,190411100128,3.7,20,3.74,22,3.78,23,3.79,23,3.75,21,3.7,23,3.71,10,3.71,10,Tidak Tepat,,,,,,,,,,,,,,,,,,,,,,
784,190411100129,3.65,20,3.6,22,3.72,23,3.66,22,3.64,22,3.61,20,3.47,17,3.47,17,Tidak Tepat,,,,,,,,,,,,,,,,,,,,,,
785,190411100130,2.7,20,2.75,20,2.42,13,2.37,14,2.14,18,2.19,4,2.19,15,2.19,15,Tidak Tepat,,,,,,,,,,,,,,,,,,,,,,
786,190411100131,3.95,20,3.83,22,3.87,23,3.74,22,3.7,22,3.7,20,3.73,14,3.73,14,Tidak Tepat,,,,,,,,,,,,,,,,,,,,,,
787,190411100132,3.43,20,3.42,22,3.57,23,3.59,22,3.56,22,3.48,20,3.32,17,3.32,17,Tidak Tepat,,,,,,,,,,,,,,,,,,,,,,
788,190411100133,3.8,20,3.74,22,3.78,23,3.71,22,3.64,22,3.69,17,3.68,11,3.68,11,Tidak Tepat,,,,,,,,,,,,,,,,,,,,,,
789,190411100134,3.88,20,3.87,22,3.87,23,3.89,22,3.89,22,3.9,19,3.91,20,3.91,20,Tidak Tepat,,,,,,,,,,,,,,,,,,,,,,
790,190411100135,2.0,20,2.62,18,3.0,15,2.82,14,2.56,15,2.55,7,2.57,15,2.57,15,Tidak Tepat,,,,,,,,,,,,,,,,,,,,,,
791,190411100136,3.6,20,2.99,22,3.09,13,3.01,18,2.91,20,2.81,21,2.79,18,2.79,18,Tidak Tepat,,,,,,,,,,,,,,,,,,,,,,
792,190411100137,3.3,20,3.55,22,3.52,23,3.55,22,3.5,22,3.54,23,3.4,14,3.4,14,Tidak Tepat,,,,,,,,,,,,,,,,,,,,,,
793,190411100138,3.48,20,3.52,22,3.65,20,3.61,20,3.57,24,3.51,20,3.54,20,3.54,20,Tidak Tepat,,,,,,,,,,,,,,,,,,,,,,
794,190411100139,3.7,20,3.69,22,3.75,23,3.73,20,3.77,24,3.81,20,3.82,19,3.82,19,Tidak Tepat,,,,,,,,,,,,,,,,,,,,,,
795,190411100140,3.08,20,3.09,20,2.81,13,2.66,14,2.36,18,2.39,4,2.36,12,2.36,12,Tidak Tepat,,,,,,,,,,,,,,,,,,,,,,
796,190411100141,2.73,20,1.93,18,2.01,6,1.74,12,1.56,9,1.62,0,1.55,9,1.55,9,Tidak Tepat,,,,,,,,,,,,,,,,,,,,,,
797,190411100142,3.58,20,3.27,22,3.27,0,3.27,0,3.27,0,0.0,0,0.0,0,0.0,0,Tidak Tepat,,,,,,,,,,,,,,,,,,,,,,
798,190411100143,3.8,20,3.81,22,3.83,23,3.85,23,3.87,21,3.84,23,3.68,14,3.68,14,Tidak Tepat,,,,,,,,,,,,,,,,,,,,,,
799,190411100144,2.65,20,3.29,20,3.29,0,3.3,9,3.16,24,2.88,16,2.65,13,2.65,13,Tidak Tepat,,,,,,,,,,,,,,,,,,,,,,
800,190411100145,3.55,20,3.45,22,3.55,23,3.48,23,3.48,24,3.44,11,3.28,23,3.28,23,Tidak Tepat,,,,,,,,,,,,,,,,,,,,,,
801,190411100146,3.55,20,3.56,22,3.64,23,3.22,22,3.22,0,3.22,0,3.22,0,0.0,0,Tidak Tepat,,,,,,,,,,,,,,,,,,,,,,
802,190411100147,3.28,20,3.07,22,3.25,20,3.19,24,3.15,24,3.11,20,3.04,17,3.04,17,Tidak Tepat,,,,,,,,,,,,,,,,,,,,,,
803,190411100148,3.6,20,3.52,22,3.69,23,3.67,22,3.64,22,3.57,21,3.57,17,3.57,17,Tidak Tepat,,,,,,,,,,,,,,,,,,,,,,
804,190411100149,3.48,20,3.45,22,3.35,23,3.11,22,3.12,16,3.15,23,2.96,23,2.96,23,Tidak Tepat,,,,,,,,,,,,,,,,,,,,,,
805,190411100150,3.45,20,3.56,22,3.58,23,3.42,22,3.34,21,3.01,22,2.91,11,2.91,11,Tidak Tepat,,,,,,,,,,,,,,,,,,,,,,
806,190411100151,3.8,20,3.9,22,3.86,23,3.89,22,3.87,22,3.88,23,3.88,20,3.88,20,Tidak Tepat,,,,,,,,,,,,,,,,,,,,,,
807,190411100152,3.4,20,3.56,22,3.56,0,3.56,0,3.56,0,0.0,0,0.0,0,0.0,0,Tidak Tepat,,,,,,,,,,,,,,,,,,,,,,
808,190411100153,3.6,20,3.5,22,3.65,23,3.64,22,3.62,22,3.62,23,3.45,14,3.45,14,Tidak Tepat,,,,,,,,,,,,,,,,,,,,,,
809,190411100154,3.25,20,3.44,22,3.47,20,3.4,23,3.36,22,3.32,15,3.24,18,3.24,18,Tidak Tepat,,,,,,,,,,,,,,,,,,,,,,
810,190411100155,3.55,20,3.42,19,2.44,20,2.44,0,2.44,0,0.0,0,0.0,0,0.0,0,Tidak Tepat,,,,,,,,,,,,,,,,,,,,,,
811,190411100156,3.55,20,3.75,22,3.66,23,3.43,22,3.31,19,3.31,18,2.89,23,2.89,23,Tidak Tepat,,,,,,,,,,,,,,,,,,,,,,
812,190411100157,3.05,20,2.6,22,2.78,16,2.92,18,3.05,20,3.13,21,3.16,20,3.16,20,Tidak Tepat,,,,,,,,,,,,,,,,,,,,,,
813,190411100158,3.63,20,3.73,22,3.79,20,3.77,20,3.77,24,3.74,23,3.74,13,3.74,13,Tidak Tepat,,,,,,,,,,,,,,,,,,,,,,
814,190411100159,3.53,20,3.56,22,3.57,23,3.45,20,3.17,22,3.3,14,3.32,19,3.32,19,Tidak Tepat,,,,,,,,,,,,,,,,,,,,,,
815,190411100160,3.38,20,3.67,22,3.57,23,3.65,22,3.66,22,3.5,23,3.53,13,3.53,13,Tidak Tepat,,,,,,,,,,,,,,,,,,,,,,
816,190411100161,3.1,20,3.36,19,3.52,17,3.47,19,3.49,22,3.28,23,3.14,15,3.14,15,Tidak Tepat,,,,,,,,,,,,,,,,,,,,,,
817,190411100162,3.53,20,3.52,22,3.62,20,3.6,22,3.58,22,3.58,14,3.56,19,3.56,19,Tidak Tepat,,,,,,,,,,,,,,,,,,,,,,
818,190411100163,3.55,20,3.48,22,3.66,23,3.67,22,3.67,22,3.66,23,3.65,11,3.65,11,Tidak Tepat,,,,,,,,,,,,,,,,,,,,,,
819,190411100164,3.35,20,3.17,22,3.12,13,2.88,14,2.86,15,2.84,13,2.79,18,2.79,18,Tidak Tepat,,,,,,,,,,,,,,,,,,,,,,
820,190411100165,3.05,20,3.24,22,3.18,16,3.11,14,3.07,19,3.13,15,3.11,17,3.11,17,Tidak Tepat,,,,,,,,,,,,,,,,,,,,,,
821,190411100166,3.08,20,3.37,19,3.21,17,3.16,13,3.13,21,3.03,19,2.93,21,2.93,21,Tidak Tepat,,,,,,,,,,,,,,,,,,,,,,
822,190411100167,3.53,20,3.64,22,3.62,23,3.66,22,3.64,22,3.63,23,3.49,14,3.49,14,Tidak Tepat,,,,,,,,,,,,,,,,,,,,,,
823,190411100168,3.63,20,3.56,22,3.24,23,3.28,20,3.32,24,3.36,20,3.45,21,3.45,21,Tidak Tepat,,,,,,,,,,,,,,,,,,,,,,
824,190411100169,3.15,20,2.99,22,3.15,20,3.2,24,3.05,24,3.04,17,3.08,19,3.08,19,Tidak Tepat,,,,,,,,,,,,,,,,,,,,,,
825,190411100170,3.4,20,3.46,22,3.55,20,3.55,22,3.55,22,3.57,14,3.63,20,3.63,20,Tidak Tepat,,,,,,,,,,,,,,,,,,,,,,
826,190411100171,3.3,20,3.17,19,3.49,17,3.49,20,3.54,22,3.58,17,3.56,23,3.56,23,Tidak Tepat,,,,,,,,,,,,,,,,,,,,,,
827,190411100172,3.28,20,2.74,22,2.97,13,3.11,21,3.1,22,3.21,18,3.25,23,3.25,23,Tidak Tepat,,,,,,,,,,,,,,,,,,,,,,
828,190411100173,3.53,20,3.55,22,3.55,23,3.52,22,3.5,22,3.45,23,3.27,17,3.27,17,Tidak Tepat,,,,,,,,,,,,,,,,,,,,,,
829,190411100174,1.7,20,1.74,15,1.3,12,1.09,9,1.03,12,1.15,0,1.04,7,1.04,7,Tidak Tepat,,,,,,,,,,,,,,,,,,,,,,
830,190411100175,3.2,20,3.29,22,3.39,23,3.39,20,3.2,22,3.27,11,3.19,22,3.19,22,Tidak Tepat,,,,,,,,,,,,,,,,,,,,,,
831,190411100176,3.63,20,3.73,22,3.8,23,3.71,22,3.71,22,3.7,23,3.73,14,3.73,14,Tidak Tepat,,,,,,,,,,,,,,,,,,,,,,
832,190411100177,3.18,20,3.05,22,3.28,16,3.4,17,3.48,22,3.57,24,3.61,21,3.61,21,Tidak Tepat,,,,,,,,,,,,,,,,,,,,,,
833,190411100178,3.53,20,3.55,22,3.18,23,2.61,18,2.61,0,2.46,10,2.46,0,0.0,0,Tidak Tepat,,,,,,,,,,,,,,,,,,,,,,
834,190411100179,3.3,20,3.42,22,3.37,23,3.22,22,3.21,16,3.23,20,3.16,20,3.16,20,Tidak Tepat,,,,,,,,,,,,,,,,,,,,,,
835,190411100180,2.18,20,2.18,0,2.18,0,2.18,0,2.18,0,0.0,0,0.0,0,0.0,0,Tidak Tepat,,,,,,,,,,,,,,,,,,,,,,
836,190411100182,3.3,20,3.49,22,3.62,23,3.24,22,2.82,17,2.55,12,2.41,12,2.41,12,Tidak Tepat,,,,,,,,,,,,,,,,,,,,,,
837,190411100183,3.38,20,3.25,22,3.47,20,3.6,22,3.6,22,3.52,23,3.39,19,3.39,19,Tidak Tepat,,,,,,,,,,,,,,,,,,,,,,
838,190411100184,3.58,20,3.45,22,3.33,16,3.34,14,3.43,22,3.42,16,3.29,21,3.29,21,Tidak Tepat,,,,,,,,,,,,,,,,,,,,,,
839,190411100185,3.38,20,3.17,22,3.23,20,3.16,24,3.21,24,3.15,23,2.92,20,2.92,20,Tidak Tepat,,,,,,,,,,,,,,,,,,,,,,
840,190411100186,1.4,20,1.41,8,2.4,6,2.85,20,2.93,22,2.3,23,2.2,7,2.2,7,Tidak Tepat,,,,,,,,,,,,,,,,,,,,,,
841,190411100187,3.25,20,3.24,22,3.15,20,3.29,20,3.38,24,3.4,20,3.48,20,3.48,20,Tidak Tepat,,,,,,,,,,,,,,,,,,,,,,
842,190411100188,3.28,20,3.38,22,3.39,23,3.36,22,3.43,24,3.49,17,3.5,14,3.5,14,Tidak Tepat,,,,,,,,,,,,,,,,,,,,,,
843,190411100189,2.1,20,1.96,15,1.79,6,1.45,14,1.54,11,1.34,10,1.28,10,1.28,10,Tidak Tepat,,,,,,,,,,,,,,,,,,,,,,
844,190411100190,3.45,20,3.57,22,3.53,23,3.56,22,3.54,22,3.53,23,3.4,17,3.4,17,Tidak Tepat,,,,,,,,,,,,,,,,,,,,,,
845,190411100191,3.05,20,2.79,19,2.79,0,2.79,0,2.79,0,0.0,0,0.0,0,0.0,0,Tidak Tepat,,,,,,,,,,,,,,,,,,,,,,
846,190411100192,3.85,20,3.79,22,3.78,23,3.64,22,3.61,22,3.58,21,3.61,17,3.61,17,Tidak Tepat,,,,,,,,,,,,,,,,,,,,,,
847,190411100193,1.6,20,1.46,15,1.46,0,1.46,0,1.46,0,0.0,0,0.0,0,0.0,0,Tidak Tepat,,,,,,,,,,,,,,,,,,,,,,
848,190411100194,0.55,20,1.34,8,1.19,17,1.39,12,1.92,9,1.52,17,1.41,12,1.41,12,Tidak Tepat,,,,,,,,,,,,,,,,,,,,,,
849,190411100195,3.3,20,3.29,22,3.49,23,3.52,22,3.48,22,3.49,14,3.52,20,3.52,20,Tidak Tepat,,,,,,,,,,,,,,,,,,,,,,
850,190411100196,3.3,20,3.3,22,3.44,20,3.45,22,3.47,22,3.5,20,3.34,19,3.34,19,Tidak Tepat,,,,,,,,,,,,,,,,,,,,,,
